measurement_id,station_num,time_id,t_mean_c,t_max_c,t_min_c,mean_t_max_c,mean_t_min_c,p_mean_hpa,p_max_hpa,p_min_hpa,precp_sum_mm,num_precp_01,rel_hum_pct,rel_hum_max_pct,rel_hum_min_pct,wind_vel_ms,wind_vel_max_ms,num_wind_vel60,sun_h,num_clear,num_cloud,num_frost,num_ice,num_summer,num_heat
1,5901,187205,17.0,30.6,7.9,23.1,11.8,990.9,1003.2,981.2,50,8,64,,,7.2,,,,8,9,0,0,13,2
2,5901,187206,17.2,28.3,10.0,22.6,12.9,990.0,999.7,981.3,73,11,66,,,10.8,,,,1,7,0,0,7,0
3,5901,187207,20.2,34.4,10.5,25.7,14.9,990.9,999.5,982.3,57,12,61,,,7.6,,,,10,8,0,0,15,5
4,5901,187208,17.6,30.2,8.4,22.5,13.4,990.6,997.9,979.1,166,18,71,,,9.7,,,,1,10,0,0,8,1
5,5901,187209,16.2,28.7,3.3,21.8,11.2,991.3,1000.4,979.5,31,6,71,,,9.7,,,,10,7,0,0,11,0
6,5901,187210,12.5,22.6,3.0,16.6,8.6,989.3,1002.3,976.9,50,10,81,,,9.7,,,,2,8,0,0,0,0
7,5901,187211,6.1,15.2,-1.3,8.9,2.7,990.0,1005.2,965.2,81,14,87,,,6.5,,,,1,12,3,0,0,0
8,5901,187212,3.5,16.0,-5.0,5.4,1.2,988.7,1003.3,967.7,32,17,84,,,7.6,,,,0,19,11,0,0,0
9,5901,187301,1.2,12.4,-5.4,3.6,-1.1,993.5,1004.9,958.5,20,13,87,,,7.2,,,,2,22,23,6,0,0
10,5901,187302,0.4,10.7,-6.8,2.6,-2.0,993.5,1015.3,973.5,77,17,85,,,10.1,,,,1,16,20,6,0,0
11,5901,187303,7.0,16.8,-1.3,11.2,2.4,988.6,1000.5,971.2,34,5,73,,,8.6,,,,8,11,2,0,0,0
12,5901,187304,9.0,22.3,-0.5,13.7,4.1,986.9,1000.5,973.5,14,10,67,,,10.4,,,,4,9,1,0,0,0
13,5901,187305,11.5,22.4,3.1,15.8,7.1,988.1,999.1,976.4,85,18,70,,,13.0,,,,0,10,0,0,0,0
14,5901,187306,17.5,29.4,6.2,22.3,12.3,990.6,1000.3,978.9,61,16,68,,,10.1,,,,7,3,0,0,13,0
15,5901,187307,21.7,33.7,10.1,27.1,15.6,992.9,1001.7,984.3,24,10,60,,,9.4,,,,5,1,0,0,22,6
16,5901,187308,21.3,35.0,10.0,27.5,15.2,993.3,1002.1,983.6,52,7,61,,,6.5,,,,16,1,0,0,21,10
17,5901,187309,14.1,26.3,2.0,19.2,9.4,993.7,1005.1,982.8,66,13,73,,,7.9,,,,10,3,0,0,2,0
18,5901,187310,12.2,25.0,1.3,16.2,8.1,991.2,1003.9,976.1,27,12,80,,,7.6,,,,5,5,0,0,1,0
19,5901,187311,5.5,18.1,-5.3,7.9,2.7,990.5,1004.8,962.4,27,14,78,,,10.8,,,,4,9,8,0,0,0
20,5901,187312,1.3,8.8,-10.0,4.0,-1.5,1001.3,1017.2,979.6,18,8,73,,,12.2,,,,9,8,21,5,0,0
21,5901,187401,-0.8,12.7,-9.9,2.0,-4.0,998.9,1010.7,984.7,17,10,83,,,10.8,,,,1,9,27,12,0,0
22,5901,187402,0.3,9.0,-10.0,3.4,-2.5,994.8,1010.3,977.9,35,14,76,,,13.7,,,,4,7,17,4,0,0
23,5901,187403,4.0,20.4,-5.8,8.1,0.3,996.8,1013.2,977.7,48,10,65,,,15.8,,,,8,7,17,0,0,0
24,5901,187404,11.6,24.5,-0.4,15.8,6.4,988.0,999.5,970.7,49,12,64,,,9.0,,,,5,10,1,0,0,0
25,5901,187405,10.7,26.4,0.4,14.4,5.8,986.4,996.8,970.4,112,20,66,,,12.2,,,,4,7,0,0,2,0
26,5901,187406,18.3,30.6,8.0,23.2,12.5,993.3,1001.3,979.2,117,15,65,,,8.6,,,,8,7,0,0,11,2
27,5901,187407,22.3,33.0,12.3,27.4,15.9,992.3,999.5,981.3,29,10,66,,,6.5,,,,10,3,0,0,25,5
28,5901,187408,17.9,32.0,7.2,22.2,13.1,991.7,999.9,982.5,50,12,69,,,10.8,,,,3,10,0,0,8,1
29,5901,187409,17.4,29.7,5.6,23.4,11.4,995.2,1004.3,984.4,37,7,70,,,6.5,,,,16,2,0,0,12,0
30,5901,187410,10.2,26.0,-1.5,15.1,5.9,995.0,1009.9,974.4,14,7,78,,,7.6,,,,14,3,2,0,2,0
31,5901,187411,1.1,7.7,-6.0,2.9,-1.0,991.1,1009.2,968.7,42,11,86,,,8.3,,,,0,23,19,5,0,0
32,5901,187412,-0.9,6.1,-9.0,0.8,-3.3,983.5,1002.1,968.0,79,14,82,,,11.9,,,,0,20,28,9,0,0
33,5901,187501,-0.2,11.4,-11.0,2.5,-3.6,995.7,1010.5,967.3,59,17,78,,,12.6,,,,1,11,27,12,0,0
34,5901,187502,-4.6,4.9,-15.5,-2.1,-7.2,992.5,1006.7,980.5,35,12,79,,,11.2,,,,4,9,26,22,0,0
35,5901,187503,-0.1,9.0,-11.5,2.9,-3.2,995.0,1007.1,978.9,72,12,77,,,9.4,,,,6,11,25,7,0,0
36,5901,187504,8.7,22.4,-3.5,13.0,3.3,991.4,1000.7,977.2,28,9,60,,,7.9,,,,6,6,2,0,0,0
37,5901,187505,15.7,27.5,2.5,20.2,9.5,992.9,1004.1,979.7,29,11,62,,,8.6,,,,10,5,0,0,5,0
38,5901,187506,20.5,33.4,9.2,25.5,14.9,990.6,996.9,984.3,48,14,67,,,9.0,,,,6,2,0,0,16,2
39,5901,187507,19.7,30.7,9.7,24.3,14.6,990.1,1002.7,978.9,65,13,66,,,9.0,,,,5,2,0,0,10,1
40,5901,187508,20.3,32.8,10.5,25.2,14.5,993.5,1002.7,979.6,64,14,67,,,6.8,,,,13,4,0,0,17,5
41,5901,187509,14.3,24.7,-0.6,19.6,9.0,995.5,1006.1,981.9,29,12,66,,,10.1,,,,11,2,1,0,0,0
42,5901,187510,7.7,18.1,0.0,10.8,4.4,988.6,1007.5,963.5,91,18,81,,,8.3,,,,4,17,0,0,0,0
43,5901,187511,3.1,15.7,-6.0,5.5,0.4,987.1,1003.1,968.3,59,16,78,,,10.8,,,,1,15,13,2,0,0
44,5901,187512,-2.3,10.6,-17.1,0.8,-4.8,994.0,1005.3,970.8,72,21,82,,,13.7,,,,2,18,25,13,0,0
45,5901,187601,-4.9,5.4,-14.4,-2.8,-7.4,1002.7,1015.3,988.3,25,14,87,,,7.9,,,,3,19,30,23,0,0
46,5901,187602,-0.4,13.2,-14.1,2.4,-3.8,989.2,1009.6,973.3,131,23,85,,,10.1,,,,1,14,17,14,0,0
47,5901,187603,5.6,22.5,-3.5,9.5,1.8,981.7,992.8,964.0,72,17,75,,,14.0,,,,1,11,9,0,0,0
48,5901,187604,12.0,26.4,0.8,16.8,6.6,989.2,1003.3,978.4,37,10,69,,,9.7,,,,6,10,0,0,2,0
49,5901,187605,10.8,24.0,-1.1,14.7,6.0,991.8,1002.4,979.6,57,9,64,,,10.4,,,,2,10,2,0,0,0
50,5901,187606,18.6,29.0,8.4,23.1,13.5,989.1,996.5,980.1,58,9,66,,,10.4,,,,5,4,0,0,9,0
51,5901,187607,19.8,30.8,11.5,24.0,14.7,993.7,1005.1,984.5,29,13,64,,,13.0,,,,8,7,0,0,14,1
52,5901,187608,19.9,30.4,7.9,25.1,14.0,992.0,1000.1,976.5,71,9,60,,,5.8,,,,13,4,0,0,18,4
53,5901,187609,14.3,25.9,2.5,18.7,9.7,989.6,1004.1,976.7,66,17,74,,,9.4,,,,6,5,0,0,2,0
55,5901,187611,0.4,7.1,-7.8,1.9,-1.8,992.7,1000.9,984.0,47,19,86,,,9.4,,,,1,20,23,6,0,0
56,5901,187612,2.0,15.6,-14.2,4.0,-1.0,985.2,1008.8,962.8,43,15,88,,,5.4,,,,2,16,15,5,0,0
57,5901,187701,1.4,12.0,-9.5,3.7,-1.6,994.4,1008.9,977.1,32,11,88,,,5.4,,,,1,19,22,6,0,0
58,5901,187702,2.7,12.7,-3.5,5.4,-0.2,988.7,1005.2,968.8,99,18,77,,,15.8,,,,2,11,15,2,0,0
59,5901,187703,3.7,23.1,-10.0,7.8,-0.6,984.6,1003.7,966.3,50,15,71,,,10.1,,,,5,9,16,4,0,0
60,5901,187704,8.1,21.9,-2.5,11.9,4.0,985.2,1000.7,973.7,42,13,69,,,10.8,,,,4,10,4,0,0,0
61,5901,187705,12.0,26.0,-0.2,16.0,7.2,987.6,995.7,978.4,64,16,69,,,10.8,,,,1,10,1,0,1,0
62,5901,187706,20.0,30.4,8.6,24.7,13.3,995.0,1003.6,985.5,28,9,61,,,7.2,,,,13,2,0,0,15,2
63,5901,187707,19.1,31.2,10.1,23.9,14.0,992.0,1001.5,976.8,67,17,76,,,8.6,,,,7,5,0,0,15,1
64,5901,187708,21.1,34.9,10.4,27.1,15.9,991.8,999.6,983.1,32,12,74,,,8.3,,,,13,2,0,0,24,7
65,5901,187709,12.6,27.5,1.0,17.3,8.9,993.2,1005.2,979.3,36,8,85,,,6.5,,,,8,9,0,0,1,0
66,5901,187710,8.0,19.6,-4.1,12.7,3.7,995.5,1008.4,978.7,11,9,76,,,7.6,,,,8,6,5,0,0,0
68,5901,187712,-0.2,7.3,-13.8,1.8,-2.7,994.4,1010.1,973.2,86,18,87,,,7.2,,,,1,17,21,7,0,0
69,5901,187801,-1.4,9.5,-10.2,0.5,-3.9,995.0,1011.2,969.6,72,12,81,,,15.5,,,,1,22,25,15,0,0
70,5901,187802,3.0,11.8,-7.3,5.5,0.2,1000.7,1009.6,984.3,25,10,79,,,13.3,,,,1,19,12,3,0,0
71,5901,187803,4.5,21.5,-7.5,8.2,1.1,988.1,1009.6,965.5,82,20,69,,,19.4,,,,2,12,12,2,0,0
72,5901,187804,10.5,22.6,-0.4,15.1,5.7,988.1,997.9,967.7,38,11,67,,,8.3,,,,5,6,1,0,0,0
73,5901,187805,14.7,30.5,5.2,19.6,9.5,989.4,1001.7,974.5,61,14,70,,,6.8,,,,6,7,0,0,3,1
74,5901,187806,17.8,27.3,6.7,22.7,11.8,991.0,1001.1,975.7,88,12,69,,,7.2,,,,6,6,0,0,7,0
75,5901,187807,18.5,31.6,9.7,22.8,13.3,989.5,999.7,979.7,68,13,68,,,12.2,,,,2,7,0,0,7,2
76,5901,187808,18.9,29.1,7.3,23.5,13.0,988.4,998.4,980.1,93,14,75,,,7.6,,,,4,8,0,0,12,0
77,5901,187809,16.3,28.0,7.5,21.0,12.2,992.0,1002.8,980.4,58,11,78,,,7.9,,,,8,6,0,0,6,0
78,5901,187810,10.9,20.9,1.8,14.9,7.8,990.9,1004.3,977.2,73,12,84,,,6.5,,,,4,9,0,0,0,0
79,5901,187811,4.1,15.5,-4.5,7.1,0.8,986.8,1004.5,969.2,92,10,82,,,9.0,,,,0,12,13,0,0,0
80,5901,187812,-1.9,11.0,-14.0,0.4,-5.0,985.0,1005.5,968.4,48,10,84,,,11.5,,,,2,18,26,13,0,0
81,5901,187901,-2.1,12.6,-13.8,0.4,-4.6,993.6,1005.5,977.7,34,17,87,,,6.5,,,,0,20,25,17,0,0
82,5901,187902,1.5,11.3,-5.8,4.2,-0.5,980.2,995.9,961.5,51,12,83,,,11.9,,,,1,12,17,3,0,0
83,5901,187903,3.5,17.1,-5.3,7.0,0.2,991.7,1009.9,980.5,72,16,73,,,13.3,,,,4,15,15,2,0,0
84,5901,187904,9.0,22.8,0.1,13.3,4.7,980.2,991.7,967.6,116,12,72,,,13.3,,,,3,14,0,0,0,0
85,5901,187905,12.6,24.6,0.7,16.9,7.7,988.7,997.7,971.2,147,12,72,,,10.1,,,,4,10,0,0,0,0
86,5901,187906,18.5,31.0,9.5,23.7,13.6,990.3,998.4,978.0,111,15,72,,,11.2,,,,6,6,0,0,13,1
87,5901,187907,17.1,31.7,9.8,22.5,12.7,989.0,999.3,979.6,106,20,73,,,13.3,,,,4,3,0,0,7,1
88,5901,187908,19.8,32.1,10.7,25.2,14.7,991.2,996.7,985.2,59,10,70,,,9.0,,,,12,5,0,0,15,3
89,5901,187909,16.0,28.9,6.3,21.7,11.2,993.2,1006.9,981.6,29,9,75,,,7.6,,,,10,4,0,0,6,0
90,5901,187910,8.6,19.2,-0.7,12.0,5.6,994.4,1003.9,972.8,48,10,81,,,11.9,,,,4,17,2,0,0,0
91,5901,187911,1.1,11.0,-11.8,3.7,-1.0,993.0,1011.1,976.9,63,20,84,,,11.9,,,,1,20,14,6,0,0
92,5901,187912,-7.4,8.0,-20.2,-4.0,-11.2,1003.1,1018.4,969.5,26,12,87,,,9.7,,,,11,8,31,25,0,0
93,5901,188001,-2.2,8.6,-12.3,0.2,-4.7,1002.9,1023.6,986.4,21,11,80,,,15.1,,,,3,8,24,17,0,0
94,5901,188002,-1.3,14.5,-11.9,1.9,-3.8,994.6,1011.3,981.9,40,10,87,,,7.6,,,,3,17,21,10,0,0
95,5901,188003,3.6,18.2,-8.4,9.2,-1.5,997.6,1016.4,978.8,41,7,66,,,7.2,,,,15,7,21,1,0,0
96,5901,188004,11.7,25.7,0.7,17.3,6.5,987.8,997.7,975.9,57,12,67,,,9.0,,,150.0,6,10,0,0,1,0
97,5901,188005,12.8,29.6,1.3,17.0,8.9,989.9,1000.7,980.1,144,17,73,,,12.6,,,152.0,4,12,0,0,4,0
98,5901,188006,17.5,30.1,8.0,22.6,12.8,988.8,997.6,979.2,60,14,70,,,10.8,,,221.0,2,3,0,0,6,1
99,5901,188007,21.1,32.4,10.6,26.8,15.4,991.5,999.3,980.1,55,10,64,,,9.7,,,320.0,8,2,0,0,21,6
100,5901,188008,17.5,26.2,9.7,22.2,13.8,989.1,999.3,978.5,111,14,76,,,10.8,,,221.0,7,8,0,0,3,0
101,5901,188009,15.5,29.2,8.2,20.0,11.8,993.7,1003.5,980.5,45,12,76,,,9.4,,,182.0,8,9,0,0,5,0
102,5901,188010,9.6,20.7,-1.0,14.1,6.2,989.3,1001.1,970.0,50,19,81,,,10.4,,,83.0,1,14,2,0,0,0
103,5901,188011,5.2,16.7,-2.9,8.4,2.1,995.5,1012.9,969.1,43,13,80,,,9.4,,,41.0,0,17,3,0,0,0
104,5901,188012,4.0,10.8,-6.4,6.9,0.9,991.4,1009.3,969.3,91,19,79,,,16.2,,,49.0,1,16,11,0,0,0
105,5901,188101,-4.7,5.0,-16.4,-2.0,-7.5,990.5,1012.7,968.9,22,10,83,,,10.4,,,84.0,5,12,29,20,0,0
106,5901,188102,-0.4,7.3,-9.8,2.3,-3.2,991.4,1006.7,966.1,14,5,81,,,9.4,,,69.0,6,11,24,6,0,0
107,5901,188103,4.2,17.5,-10.3,8.3,0.4,990.3,1008.8,972.9,103,14,71,,,13.0,,,100.0,3,13,14,3,0,0
108,5901,188104,6.9,18.2,-2.3,10.7,3.0,989.9,999.7,972.5,25,15,73,,,10.1,,,103.0,2,15,2,0,0,0
109,5901,188105,13.7,25.5,2.3,18.4,8.6,992.5,1008.4,981.2,108,12,66,,,9.0,,,265.0,14,8,0,0,2,0
110,5901,188106,17.3,30.7,7.0,22.1,12.7,990.1,998.8,972.4,35,13,68,,,9.4,,,229.0,5,7,0,0,11,2
111,5901,188107,21.2,33.5,9.9,26.5,15.6,993.5,1004.3,978.1,39,13,63,,,9.7,,,291.0,11,6,0,0,22,6
112,5901,188108,19.4,32.9,6.9,24.9,14.5,990.0,1002.7,977.7,92,11,68,,,10.1,,,246.0,7,6,0,0,17,2
113,5901,188109,13.3,23.0,1.8,18.0,9.3,991.9,1004.3,979.6,60,14,79,,,7.9,,,150.0,4,9,0,0,0,0
114,5901,188110,6.5,15.0,-1.4,9.1,4.1,991.2,1005.5,976.4,84,19,81,,,9.7,,,35.0,0,25,4,0,0,0
115,5901,188111,3.2,12.4,-6.1,5.9,0.4,1000.1,1010.9,984.8,30,14,87,,,6.8,,,57.0,4,17,15,2,0,0
116,5901,188112,0.7,11.0,-7.0,2.6,-1.1,997.9,1013.9,973.5,10,9,84,,,9.0,,,58.0,2,17,21,4,0,0
117,5901,188201,0.6,11.7,-6.8,3.3,-2.1,1007.7,1023.3,987.3,4,5,80,,,8.3,,,77.0,6,11,22,5,0,0
118,5901,188202,2.2,15.7,-10.7,6.2,-2.4,1001.5,1020.9,975.6,20,7,68,,,13.7,,,133.0,9,3,17,1,0,0
119,5901,188203,9.2,21.0,-1.0,14.5,3.8,993.8,1009.5,974.4,13,9,62,,,13.0,,,182.0,11,5,2,0,0,0
120,5901,188204,9.7,23.7,-2.3,14.9,4.2,988.5,1004.0,972.0,38,12,65,,,10.8,,,171.0,7,8,7,0,0,0
121,5901,188205,15.0,30.0,1.8,20.1,9.8,992.5,1002.4,980.8,62,12,62,,,10.1,,,247.0,4,5,0,0,9,1
122,5901,188206,16.2,27.2,7.5,21.1,11.1,991.8,1001.7,981.3,35,12,62,,,12.2,,,252.0,8,5,0,0,5,0
123,5901,188207,19.8,35.3,11.9,25.1,15.0,989.3,1000.1,977.9,177,14,65,,,10.4,,,256.0,10,7,0,0,15,5
124,5901,188208,16.7,28.0,9.5,20.5,13.3,990.4,999.6,983.3,90,20,75,,,14.4,,,172.0,4,7,0,0,5,0
125,5901,188209,15.3,25.2,5.3,19.2,11.3,989.2,1002.0,975.9,38,12,78,,,11.5,,,139.0,6,11,0,0,1,0
126,5901,188210,10.6,19.3,2.6,13.3,7.6,992.3,1004.8,977.2,71,14,83,,,6.8,,,92.0,4,14,0,0,0,0
127,5901,188211,5.0,16.4,-3.3,8.1,2.1,987.1,1000.5,968.9,69,15,79,,,11.9,,,99.0,6,8,8,0,0,0
128,5901,188212,1.5,13.7,-11.5,3.6,-1.1,987.7,1007.2,970.3,67,18,87,,,10.8,,,48.0,3,21,17,7,0,0
129,5901,188301,-1.8,10.0,-11.4,0.7,-4.5,996.2,1011.6,981.6,36,13,78,,,8.6,,,97.0,6,7,25,13,0,0
130,5901,188302,1.7,9.8,-6.1,3.9,-0.6,1000.8,1009.6,980.3,35,13,78,,,13.0,,,72.0,5,12,18,1,0,0
131,5901,188303,0.3,14.5,-10.5,4.0,-3.1,986.4,1014.8,965.6,23,17,73,,,12.2,,,125.0,5,9,25,5,0,0
132,5901,188304,7.4,16.8,-0.4,11.4,3.3,990.6,1004.1,971.9,39,15,68,,,10.8,,,134.0,3,8,2,0,0,0
133,5901,188305,15.0,27.9,4.6,19.7,10.1,989.1,1000.5,975.1,62,16,64,,,9.7,,,228.0,4,9,0,0,4,0
134,5901,188306,18.1,27.8,9.5,22.7,13.5,989.9,1000.4,975.7,114,16,70,,,11.2,,,260.0,8,6,0,0,10,0
135,5901,188307,19.2,34.1,9.4,24.6,14.4,989.9,998.3,982.9,40,17,68,,,11.5,,,276.0,5,3,0,0,17,5
136,5901,188308,18.5,29.0,10.3,23.7,13.7,993.8,1000.7,984.9,51,10,67,,,8.6,,,293.0,12,3,0,0,12,0
137,5901,188309,14.9,30.1,6.4,19.3,11.3,990.6,998.9,975.3,42,15,77,,,7.9,,,120.0,2,10,0,0,3,1
138,5901,188310,10.0,18.0,0.0,13.7,7.1,994.8,1009.5,978.3,23,15,80,,,9.0,,,98.0,3,14,0,0,0,0
139,5901,188311,4.0,13.0,-4.2,6.7,1.0,994.0,1011.2,978.0,17,12,83,,,7.6,,,71.0,3,13,10,0,0,0
140,5901,188312,0.9,9.4,-10.0,3.1,-1.4,993.6,1012.4,962.8,45,19,80,,,15.5,,,52.0,2,14,16,8,0,0
141,5901,188401,2.4,13.6,-9.7,5.3,-0.7,997.6,1012.3,973.7,27,10,73,,,15.1,,,81.0,6,10,18,4,0,0
142,5901,188402,1.8,10.5,-6.8,4.8,-1.1,997.1,1006.9,984.3,7,7,80,,,5.4,,,82.0,6,11,17,1,0,0
143,5901,188403,5.4,20.9,-2.0,9.5,1.5,992.7,1007.1,982.3,40,14,76,,,6.1,,,114.0,7,12,10,0,0,0
144,5901,188404,7.8,20.3,-3.0,12.1,3.3,984.8,992.3,974.7,79,11,70,,,7.2,,,133.0,6,11,3,0,0,0
145,5901,188405,15.3,27.0,4.7,20.7,9.4,993.4,1007.2,974.0,18,9,63,,,7.9,,,280.0,14,4,0,0,6,0
146,5901,188406,14.9,27.0,6.9,19.5,10.9,988.2,998.4,972.7,107,20,71,,,15.5,,,163.0,3,13,0,0,3,0
147,5901,188407,20.4,33.3,9.2,25.2,15.1,992.2,998.7,984.0,41,9,68,,,7.9,,,270.0,9,4,0,0,17,6
148,5901,188408,18.2,30.7,6.9,22.9,13.3,993.0,997.7,979.6,75,14,71,,,7.6,,,209.0,7,7,0,0,7,1
149,5901,188409,15.2,27.5,4.6,20.9,10.4,996.1,1006.0,973.5,23,8,75,,,5.8,,,208.0,13,1,0,0,2,0
150,5901,188410,9.1,18.5,2.2,12.8,6.0,993.2,1010.1,977.7,132,23,77,,,13.0,,,80.0,2,12,0,0,0,0
151,5901,188411,2.3,12.4,-7.7,4.5,0.0,997.3,1009.7,978.9,24,12,82,,,9.7,,,47.0,1,15,11,4,0,0
152,5901,188412,1.8,11.2,-8.5,4.2,-0.6,990.9,1002.4,966.3,64,17,82,,,9.4,,,33.0,0,16,17,4,0,0
153,5901,188501,-3.8,3.6,-14.4,-1.1,-6.3,995.8,1008.1,973.5,31,6,87,,,4.0,,,70.0,8,16,30,18,0,0
154,5901,188502,1.8,12.9,-7.2,5.6,-1.0,992.7,1004.9,975.5,11,6,85,,,5.8,,,119.0,9,7,17,2,0,0
155,5901,188503,5.1,16.0,-4.4,9.3,1.0,990.8,1003.7,969.1,33,13,71,,,10.1,,,141.0,6,6,11,0,0,0
156,5901,188504,12.0,26.2,-0.1,17.5,6.0,985.0,1002.1,968.7,26,8,60,,,6.8,,,242.0,14,4,1,0,5,0
157,5901,188505,12.5,26.5,0.9,17.3,7.5,988.0,998.4,969.5,185,16,70,,,10.8,,,213.0,4,11,0,0,4,0
158,5901,188506,19.5,32.0,7.0,24.9,13.4,991.7,1001.2,982.1,23,9,62,,,7.9,,,291.0,14,5,0,0,18,6
159,5901,188507,20.2,31.5,10.4,25.0,15.8,993.4,1002.8,983.9,99,14,67,,,10.1,,,257.0,1,2,0,0,18,3
160,5901,188508,17.3,29.4,8.1,22.4,12.6,989.7,999.1,975.2,53,14,70,,,6.8,,,242.0,9,3,0,0,6,0
161,5901,188509,15.2,28.2,4.7,20.6,10.8,991.1,1004.8,977.3,49,15,74,,,9.4,,,194.0,9,5,0,0,6,0
162,5901,188510,9.7,22.6,-2.3,14.0,5.8,986.5,1000.3,964.7,37,15,78,,,7.2,,,129.0,5,4,1,0,0,0
163,5901,188511,4.3,16.5,-3.6,6.5,2.1,993.2,1007.5,972.7,86,16,87,,,7.6,,,43.0,2,21,8,0,0,0
164,5901,188512,-0.9,16.5,-9.7,1.7,-3.0,998.2,1010.1,969.9,19,15,85,,,8.6,,,55.0,6,19,23,13,0,0
165,5901,188601,-1.5,9.2,-11.8,0.6,-3.8,985.5,1000.8,968.9,64,15,90,,,6.1,,,21.0,1,17,27,12,0,0
166,5901,188602,-2.1,4.4,-12.0,0.4,-4.3,996.4,1019.7,974.9,11,8,88,,,5.4,,,53.0,3,17,27,9,0,0
167,5901,188603,0.9,18.3,-16.3,4.5,-3.0,994.1,1005.6,962.8,72,9,76,,,10.8,,,147.0,10,9,22,7,0,0
168,5901,188604,10.9,22.4,0.5,16.2,5.5,990.8,1008.1,975.9,80,10,70,,,7.9,,,213.0,9,7,0,0,0,0
169,5901,188605,14.5,30.0,0.9,19.4,9.2,991.6,1003.1,972.4,27,11,65,,,10.4,,,225.0,9,9,0,0,10,1
170,5901,188606,16.0,28.2,9.0,20.1,13.0,987.3,998.3,974.0,228,20,77,,,9.4,,,174.0,1,12,0,0,4,0
171,5901,188607,19.2,32.6,8.8,24.1,14.6,991.4,999.6,979.6,56,19,70,,,8.3,,,284.0,8,3,0,0,12,5
172,5901,188608,19.6,30.4,9.8,24.3,14.9,991.7,997.3,984.3,38,9,69,,,8.3,,,258.0,7,2,0,0,16,1
173,5901,188609,17.0,29.6,3.9,23.0,11.6,994.8,1006.0,978.5,8,5,67,,,7.6,,,222.0,16,3,0,0,15,0
174,5901,188610,11.2,24.2,0.3,15.3,7.6,993.2,1010.7,964.8,34,6,78,,,8.6,,,150.0,7,10,0,0,0,0
175,5901,188611,5.4,15.5,-4.3,8.2,2.4,992.5,1007.2,977.5,39,15,82,,,9.0,,,65.0,3,15,7,2,0,0
176,5901,188612,1.4,12.1,-8.3,3.8,-1.4,985.0,996.3,965.1,73,14,83,,,10.4,,,48.0,2,18,22,4,0,0
177,5901,188701,-3.6,6.1,-16.0,-0.6,-7.2,997.5,1011.2,967.3,11,7,86,,,5.4,,,82.0,10,8,29,19,0,0
178,5901,188702,-1.5,9.6,-13.9,0.9,-4.2,1003.9,1016.8,988.5,13,12,81,,,8.3,,,82.0,6,11,26,12,0,0
179,5901,188703,2.4,12.3,-6.4,6.0,-0.5,992.6,1011.9,977.9,57,17,77,,,12.2,,,95.0,2,12,16,4,0,0
180,5901,188704,9.8,24.5,-4.1,15.2,4.1,990.0,1008.7,977.1,51,7,60,,,11.2,,,224.0,11,5,4,0,0,0
181,5901,188705,12.8,25.8,3.4,17.1,9.0,988.8,995.7,977.1,129,23,73,,,9.7,,,147.0,3,12,0,0,1,0
182,5901,188706,16.9,27.6,8.3,21.2,12.7,994.1,1000.7,981.3,38,16,64,,,10.1,,,250.0,4,4,0,0,5,0
183,5901,188707,22.0,32.0,10.4,27.6,16.3,993.3,998.3,983.1,13,8,61,,,8.3,,,307.0,9,3,0,0,26,8
184,5901,188708,18.7,33.8,10.4,23.7,13.7,991.4,1000.8,978.7,70,10,64,,,11.2,,,270.0,13,2,0,0,12,3
185,5901,188709,15.9,31.0,1.2,20.6,11.8,990.8,999.6,974.0,25,8,69,,,9.7,,,178.0,8,7,0,0,6,2
186,5901,188710,7.2,16.7,-4.6,10.1,4.2,992.4,1010.1,972.3,59,16,79,,,10.8,,,93.0,3,16,5,0,0,0
187,5901,188711,4.5,14.2,-7.1,6.6,2.1,986.4,1006.0,971.7,85,20,86,,,8.6,,,51.0,2,16,8,2,0,0
188,5901,188712,-1.1,7.7,-11.4,0.8,-3.4,988.6,1008.9,972.4,64,20,86,,,10.4,,,37.0,2,12,24,10,0,0
189,5901,188801,-2.6,12.6,-15.5,-0.3,-5.4,999.1,1012.3,973.3,71,15,83,,,14.4,,,63.0,1,15,23,18,0,0
190,5901,188802,-3.0,4.1,-12.9,-0.4,-6.2,988.0,1000.8,970.9,110,18,88,,,7.9,,,54.0,2,15,28,15,0,0
191,5901,188803,3.6,20.9,-12.6,7.5,-0.2,981.7,997.2,967.6,28,10,75,,,11.2,,,92.0,3,13,15,3,0,0
192,5901,188804,8.3,20.4,-3.2,12.7,3.4,986.4,999.3,974.4,161,16,72,,,9.0,,,181.0,3,7,4,0,0,0
193,5901,188805,15.4,27.3,4.6,20.1,10.2,993.2,1001.7,981.5,12,8,60,,,10.1,,,274.0,8,7,0,0,6,0
194,5901,188806,17.8,28.4,7.4,22.3,13.2,990.1,1000.1,977.6,85,11,71,,,8.3,,,237.0,3,3,0,0,9,0
195,5901,188807,17.8,28.4,9.2,22.1,13.9,987.9,995.7,974.4,61,19,71,,,12.6,,,232.0,1,3,0,0,7,0
196,5901,188808,18.1,30.9,8.3,23.2,13.7,992.7,1002.0,975.6,50,14,70,,,10.1,,,250.0,9,7,0,0,12,2
197,5901,188809,14.8,25.1,4.7,19.4,10.0,996.5,1007.2,973.5,29,10,76,,,6.8,,,192.0,13,8,0,0,1,0
198,5901,188810,8.1,26.8,-1.4,11.8,4.6,994.7,1008.7,971.7,64,13,75,,,9.4,,,97.0,2,9,2,0,1,0
199,5901,188811,1.9,14.2,-8.6,4.7,-1.1,994.5,1012.0,975.1,32,8,80,,,11.9,,,83.0,5,9,16,7,0,0
200,5901,188812,0.3,10.1,-11.0,2.4,-2.1,997.9,1015.6,978.4,29,13,88,,,6.5,,,43.0,2,19,23,6,0,0
201,5901,188901,-2.5,6.0,-16.0,-0.5,-4.9,998.8,1013.2,984.5,11,10,82,,,10.8,,,70.0,3,18,28,15,0,0
202,5901,188902,-0.7,11.8,-11.2,2.1,-3.9,982.7,1003.9,963.5,47,16,75,,,15.8,,,83.0,3,10,22,8,0,0
203,5901,188903,1.4,12.7,-12.4,4.7,-2.1,989.4,1002.5,967.1,116,13,76,,,13.3,,,97.0,2,13,14,7,0,0
204,5901,188904,9.5,22.3,-0.2,13.8,5.2,982.8,997.9,969.6,45,15,69,,,11.5,,,151.0,2,7,1,0,0,0
205,5901,188905,17.8,27.7,8.6,22.4,12.8,988.3,996.5,979.1,40,9,72,,,6.8,,,279.0,7,5,0,0,4,0
206,5901,188906,20.1,28.1,10.4,24.8,15.1,989.6,997.6,981.5,54,7,67,,,8.3,,,311.0,11,2,0,0,15,0
207,5901,188907,19.4,33.3,10.0,24.2,14.5,989.9,996.5,978.4,78,17,68,,,11.9,,,268.0,9,6,0,0,11,4
208,5901,188908,18.0,30.0,9.6,22.6,13.9,991.8,1001.9,979.2,40,18,73,,,10.1,,,190.0,2,11,0,0,10,2
209,5901,188909,12.4,24.5,4.1,15.9,9.0,991.7,1000.8,978.4,77,21,76,,,10.8,,,108.0,3,11,0,0,0,0
210,5901,188910,11.0,22.4,1.0,14.4,7.9,988.4,1002.3,972.1,93,15,81,,,9.7,,,71.0,2,17,0,0,0,0
211,5901,188911,3.2,12.0,-11.2,5.2,0.9,1001.0,1016.5,977.2,22,9,83,,,7.2,,,57.0,2,11,15,3,0,0
212,5901,188912,-3.9,2.6,-14.5,-2.3,-6.3,1001.7,1014.3,978.1,66,16,93,,,7.2,,,15.0,0,24,31,25,0,0
213,5901,189001,1.3,12.5,-6.4,3.8,-1.3,996.0,1017.5,965.1,44,18,84,,,10.8,,,45.0,2,16,18,10,0,0
214,5901,189002,-2.0,5.8,-10.2,1.0,-5.8,1000.2,1007.7,986.5,3,6,77,,,8.6,,,,7,4,28,5,0,0
215,5901,189003,6.2,23.2,-16.0,10.9,1.1,989.3,1007.1,972.3,12,10,71,,,10.8,,,161.0,6,5,10,4,0,0
216,5901,189004,9.3,20.9,0.0,14.0,4.5,985.4,1000.9,970.3,120,13,70,,,9.7,,,,5,9,0,0,0,0
217,5901,189005,15.7,25.3,4.3,20.4,10.7,986.6,998.0,971.9,33,12,71,,,8.3,,,283.0,6,6,0,0,2,0
218,5901,189006,16.0,27.7,8.5,20.1,11.6,991.9,998.9,981.3,72,17,70,,,10.4,,,214.0,5,6,0,0,4,0
219,5901,189007,18.7,32.6,8.8,23.6,13.5,990.8,998.9,978.3,58,13,70,,,9.0,,,276.0,6,3,0,0,10,2
220,5901,189008,20.8,33.3,9.1,26.1,15.7,990.1,998.5,975.5,94,13,70,,,8.3,,,276.0,10,3,0,0,18,5
221,5901,189009,14.2,23.3,6.3,17.9,10.7,997.5,1004.5,988.8,73,12,74,,,13.3,,,160.0,6,8,0,0,0,0
222,5901,189010,8.9,25.2,-5.8,13.0,5.5,993.9,1006.8,974.3,24,13,71,,,10.1,,,117.0,4,7,4,0,1,0
223,5901,189011,4.0,16.4,-13.5,7.0,1.0,988.7,1007.6,958.9,61,19,83,,,9.4,,,58.0,2,12,7,2,0,0
224,5901,189012,-5.3,6.2,-18.7,-3.0,-8.3,995.7,1010.1,976.9,7,11,87,,,6.1,,,59.0,5,12,30,25,0,0
225,5901,189101,-6.0,5.8,-17.6,-3.8,-9.4,995.0,1010.4,973.7,64,17,87,,,10.4,,,36.0,2,21,30,26,0,0
226,5901,189102,-2.0,8.6,-11.0,0.6,-5.1,1006.7,1014.8,996.3,11,7,81,,,10.1,,,84.0,2,10,26,13,0,0
227,5901,189103,4.5,17.6,-8.0,8.5,0.3,986.2,1004.7,970.8,27,13,72,,,11.5,,,142.0,2,5,12,1,0,0
228,5901,189104,7.4,22.2,-3.2,11.2,3.5,989.2,996.4,979.3,53,18,69,,,8.3,,,136.0,4,11,4,0,0,0
229,5901,189105,16.4,26.0,4.5,21.2,11.1,986.3,996.0,976.8,22,11,67,,,9.7,,,264.0,7,5,0,0,4,0
230,5901,189106,17.3,29.7,8.3,21.4,12.7,991.0,1002.0,981.9,101,16,72,,,9.0,,,209.0,2,7,0,0,8,0
231,5901,189107,18.5,32.0,11.3,22.7,14.9,990.6,997.3,983.7,127,21,75,,,10.1,,,197.0,2,11,0,0,9,2
232,5901,189108,17.5,25.5,10.6,21.7,13.4,991.0,997.2,977.9,71,15,75,,,9.4,,,220.0,5,6,0,0,4,0
233,5901,189109,15.7,29.4,1.7,20.8,11.1,996.3,1006.0,982.8,19,7,72,,,8.3,,,227.0,16,3,0,0,5,0
234,5901,189110,11.7,21.2,-3.0,16.1,7.7,991.7,1008.0,977.5,14,12,79,,,7.2,,,157.0,5,5,2,0,0,0
235,5901,189111,2.9,12.0,-7.8,5.2,-0.3,992.4,1007.7,973.2,9,12,83,,,6.8,,,53.0,3,16,14,0,0,0
236,5901,189112,1.5,11.9,-11.2,4.0,-1.7,997.0,1014.8,976.1,53,16,81,,,11.9,,,61.0,0,16,21,8,0,0
237,5901,189201,-1.0,11.9,-20.0,1.5,-3.9,988.9,1002.8,968.1,49,15,83,,,11.9,,,71.0,2,13,22,12,0,0
238,5901,189202,1.1,9.2,-9.6,3.5,-1.5,986.3,1005.3,960.7,44,14,79,,,13.3,,,65.0,3,14,16,5,0,0
239,5901,189203,1.9,22.3,-13.2,6.5,-2.7,991.0,1008.9,967.3,44,10,70,,,10.8,,,168.0,8,11,20,8,0,0
240,5901,189204,10.2,22.8,-2.2,14.7,4.8,989.4,1002.0,970.7,53,11,62,,,11.2,,,171.0,7,9,2,0,0,0
241,5901,189205,14.2,29.9,2.8,18.6,9.1,991.2,999.7,978.7,80,15,68,,,9.7,,,220.0,5,13,0,0,6,0
242,5901,189206,17.4,27.0,9.7,21.3,13.6,991.2,1001.6,982.3,133,16,76,,,9.0,,,197.0,2,10,0,0,4,0
243,5901,189207,18.7,29.4,10.3,22.9,14.3,991.1,999.1,979.7,96,10,70,,,9.4,,,262.0,7,6,0,0,9,0
244,5901,189208,21.3,36.2,10.6,26.8,15.5,991.9,998.0,983.7,20,8,65,,,8.3,,,304.0,18,2,0,0,19,8
245,5901,189209,16.1,26.3,8.5,20.6,12.1,994.1,1001.3,984.0,101,11,81,,,7.9,,,184.0,11,8,0,0,2,0
246,5901,189210,9.2,22.3,-1.3,12.8,6.2,988.6,1001.9,973.7,55,17,84,,,7.6,,,90.0,3,11,2,0,0,0
247,5901,189211,1.8,14.4,-14.3,4.4,-1.2,999.6,1013.9,984.8,11,6,90,,,6.1,,,73.0,4,12,15,6,0,0
248,5901,189212,-1.8,11.3,-13.4,0.9,-4.5,991.7,1007.3,972.0,15,10,80,,,11.2,,,75.0,5,12,25,13,0,0
249,5901,189301,-7.7,4.9,-22.2,-5.3,-10.6,992.9,1006.7,978.4,99,18,89,,,12.2,,,67.0,5,12,30,27,0,0
250,5901,189302,2.5,15.1,-14.8,7.0,-0.9,988.4,1013.1,960.7,29,10,76,,,11.5,,,106.0,5,8,13,2,0,0
251,5901,189303,5.8,20.0,-4.3,10.6,1.5,994.3,1002.9,980.8,37,14,64,,,14.4,,,150.0,7,5,11,0,0,0
252,5901,189304,10.0,22.2,-1.9,16.0,3.7,995.1,1005.1,980.5,2,4,51,,,10.4,,,278.0,12,2,6,0,0,0
253,5901,189305,13.9,26.6,1.1,19.5,9.7,991.2,1000.9,980.7,51,18,68,,,10.8,,,235.0,4,6,0,0,4,0
254,5901,189306,17.4,29.8,9.2,22.1,13.5,990.2,999.3,976.4,107,18,68,,,9.4,,,212.0,8,7,0,0,8,0
255,5901,189307,19.3,29.1,11.1,24.5,14.7,989.3,998.3,980.9,73,10,68,,,7.9,,,291.0,12,2,0,0,17,0
256,5901,189308,19.2,34.2,8.0,24.7,14.7,993.6,999.5,982.1,22,10,66,,,8.6,,,294.0,14,2,0,0,13,3
257,5901,189309,15.3,27.0,6.8,20.8,11.3,990.8,1002.8,975.5,21,11,70,,,7.9,,,184.0,4,4,0,0,3,0
258,5901,189310,11.0,26.0,-0.6,16.3,7.0,992.8,1006.4,977.5,29,11,77,,,9.0,,,131.0,5,8,1,0,2,0
259,5901,189311,2.8,16.0,-4.3,5.8,0.5,991.0,1008.4,960.3,61,15,84,,,9.7,,,66.0,0,13,17,0,0,0
260,5901,189312,0.6,10.4,-11.9,3.8,-2.1,997.8,1018.1,979.5,6,8,82,,,9.4,,,48.0,4,14,15,6,0,0
261,5901,189401,-3.9,8.0,-18.2,0.0,-7.5,997.5,1010.1,985.6,2,5,85,,,8.6,,,73.0,2,8,31,15,0,0
262,5901,189402,2.9,16.5,-10.1,7.1,-0.4,995.2,1009.7,977.6,19,13,68,,,17.6,,,115.0,0,5,13,3,0,0
263,5901,189403,6.3,17.8,-1.9,11.1,2.4,992.2,1002.8,970.3,25,12,68,,,11.9,,,144.0,5,11,3,0,0,0
264,5901,189404,12.9,23.0,-0.6,18.9,7.3,989.1,997.7,977.5,68,7,61,,,8.3,,,240.0,9,4,1,0,0,0
265,5901,189405,14.9,25.0,3.2,19.8,10.5,987.4,996.7,969.1,44,16,70,,,11.2,,,261.0,7,5,0,0,1,0
266,5901,189406,16.1,27.0,8.4,20.7,12.6,990.8,1000.3,980.9,94,20,70,,,13.7,,,205.0,3,9,0,0,3,0
267,5901,189407,20.6,34.6,10.9,26.6,15.4,991.6,1001.2,975.2,64,14,65,,,9.0,,,321.0,9,2,0,0,21,4
268,5901,189408,18.3,32.6,9.7,23.7,14.2,992.0,1000.7,983.6,75,13,71,,,9.4,,,238.0,7,4,0,0,11,6
269,5901,189409,13.5,28.1,5.0,18.8,9.7,993.2,1003.6,983.7,53,15,72,,,9.0,,,193.0,8,8,0,0,3,0
270,5901,189410,10.2,19.9,2.8,14.2,7.4,990.3,1000.0,970.3,103,17,82,,,8.6,,,89.0,2,11,0,0,0,0
271,5901,189411,4.5,17.4,-2.2,8.1,1.8,998.0,1010.3,981.3,15,13,84,,,6.8,,,83.0,4,14,9,0,0,0
272,5901,189412,-0.1,5.7,-7.2,2.6,-2.4,994.6,1011.3,966.4,18,7,81,,,9.7,,,56.0,1,17,26,3,0,0
273,5901,189501,-2.6,10.2,-10.4,0.7,-5.4,981.2,997.5,966.9,45,16,84,,,12.2,,,46.0,0,15,30,17,0,0
274,5901,189502,-5.1,4.0,-17.2,-1.9,-7.8,988.4,997.3,972.3,22,15,81,,,11.5,,,53.0,1,17,28,20,0,0
275,5901,189503,2.6,17.9,-10.6,6.3,-0.3,985.5,1002.4,966.8,57,17,77,,,11.9,,,85.0,1,15,13,2,0,0
276,5901,189504,9.3,21.0,-0.3,14.2,5.1,990.2,999.9,973.3,68,12,73,,,6.1,,,161.0,7,12,1,0,0,0
277,5901,189505,13.7,23.0,2.3,19.1,9.0,992.4,1003.2,966.4,110,13,71,,,9.0,,,275.0,11,5,0,0,0,0
278,5901,189506,17.4,30.0,8.0,22.2,13.4,992.0,1002.0,984.0,56,15,77,,,9.4,,,246.0,6,5,0,0,6,1
279,5901,189507,20.5,32.0,12.1,25.6,16.1,990.8,997.9,979.5,80,16,77,,,8.3,,,290.0,7,5,0,0,19,4
280,5901,189508,18.3,29.5,9.2,23.7,13.9,992.7,1002.8,976.9,72,14,78,,,7.9,,,273.0,14,3,0,0,14,0
281,5901,189509,16.3,31.4,4.6,22.7,11.7,997.7,1009.7,989.7,19,6,80,,,7.6,,,238.0,12,4,0,0,10,2
282,5901,189510,8.9,25.0,-0.8,13.8,5.3,988.9,1003.6,968.1,56,14,83,,,10.4,,,98.0,3,14,2,0,1,0
283,5901,189511,5.4,20.8,-7.1,9.1,3.1,997.5,1012.5,975.5,8,11,85,,,7.2,,,70.0,3,18,12,2,0,0
284,5901,189512,-0.3,13.6,-11.2,2.8,-2.6,987.4,1008.7,968.3,137,23,86,,,11.9,,,48.0,1,22,20,8,0,0
285,5901,189601,-4.5,4.9,-16.1,-0.9,-7.9,1002.2,1017.9,978.4,39,14,88,,,9.4,,,44.0,2,20,31,15,0,0
286,5901,189602,0.0,10.1,-10.9,3.3,-3.1,1002.2,1015.7,983.5,17,9,77,,,14.0,,,106.0,3,11,23,6,0,0
287,5901,189603,6.2,21.8,-3.0,11.8,2.1,987.5,1001.2,972.0,57,14,71,,,10.1,,,157.0,9,10,7,0,0,0
288,5901,189604,7.5,23.4,-1.0,12.2,4.0,992.0,1002.7,979.5,43,13,68,,,11.5,,,138.0,1,11,1,0,0,0
289,5901,189605,12.7,26.3,4.2,17.1,9.0,990.6,998.1,981.3,100,18,71,,,11.5,,,191.0,4,14,0,0,3,0
290,5901,189606,18.1,26.8,9.3,23.1,14.0,990.1,997.6,981.3,46,15,71,,,11.5,,,288.0,5,4,0,0,8,0
291,5901,189607,19.7,33.0,10.3,24.7,15.4,991.3,996.7,983.5,80,12,70,,,9.0,,,282.0,11,5,0,0,16,2
292,5901,189608,16.4,26.9,9.9,20.9,13.6,990.2,996.7,978.7,183,24,82,,,9.0,,,148.0,0,10,0,0,4,0
293,5901,189609,15.0,25.6,6.4,19.7,11.9,989.8,999.9,975.1,21,15,82,,,7.9,,,165.0,2,4,0,0,1,0
294,5901,189610,11.6,22.0,0.4,16.7,7.8,989.3,999.7,964.9,16,10,82,,,9.0,,,127.0,4,5,0,0,0,0
295,5901,189611,3.2,18.3,-7.0,6.4,0.8,994.3,1012.4,977.9,32,13,78,,,12.2,,,85.0,4,15,12,0,0,0
296,5901,189612,0.0,11.6,-10.2,3.0,-2.1,991.5,1007.9,966.5,16,10,87,,,9.0,,,70.0,3,15,22,5,0,0
297,5901,189701,-1.1,7.8,-9.8,1.2,-3.2,988.7,1006.9,961.6,30,11,87,,,12.6,,,52.0,1,22,27,8,0,0
298,5901,189702,2.4,18.1,-9.1,6.5,-1.0,996.9,1012.4,968.7,40,13,77,,,13.0,,,82.0,3,13,18,3,0,0
299,5901,189703,7.2,19.1,-1.3,11.6,3.9,986.2,998.8,965.3,56,19,71,,,13.0,,,105.0,2,9,3,0,0,0
300,5901,189704,9.6,22.9,1.2,14.6,5.6,988.2,1003.6,965.3,65,16,70,,,10.8,,,155.0,4,13,0,0,0,0
301,5901,189705,12.7,24.0,3.2,17.2,9.2,986.1,995.9,973.2,97,22,75,,,12.2,,,178.0,3,15,0,0,0,0
302,5901,189706,18.7,29.4,9.2,23.6,14.3,992.2,1003.3,985.1,79,13,68,,,9.7,,,277.0,5,5,0,0,13,0
303,5901,189707,19.3,32.6,12.4,23.9,15.7,989.4,998.7,982.0,206,17,72,,,11.9,,,214.0,1,8,0,0,12,2
304,5901,189708,19.0,30.6,10.0,24.3,14.9,991.1,996.7,983.6,39,10,76,,,8.3,,,254.0,9,2,0,0,11,1
305,5901,189709,15.0,28.7,7.2,19.9,11.5,992.6,1003.1,978.5,42,12,79,,,8.3,,,168.0,7,8,0,0,2,0
306,5901,189710,8.4,23.3,-1.0,12.7,5.8,998.3,1009.6,986.5,51,13,84,,,9.7,,,104.0,2,10,3,0,0,0
307,5901,189711,2.3,14.8,-8.5,5.5,-0.2,1002.6,1015.1,965.3,11,8,76,,,10.4,,,74.0,4,14,13,1,0,0
308,5901,189712,-0.3,12.4,-6.1,2.4,-2.4,998.6,1011.3,978.1,9,18,87,,,6.5,,,28.0,0,25,25,5,0,0
309,5901,189801,0.6,13.6,-10.9,4.2,-2.1,1004.3,1016.9,984.7,25,11,83,,,10.4,,,61.0,2,13,21,7,0,0
310,5901,189802,2.5,14.1,-6.0,6.2,0.0,989.2,1006.1,959.6,34,17,78,,,14.0,,,57.0,1,17,14,0,0,0
311,5901,189803,5.8,17.0,-3.9,10.8,1.8,985.9,996.5,971.1,45,9,70,,,11.5,,,142.0,2,10,10,0,0,0
312,5901,189804,11.0,21.6,0.0,15.7,7.2,988.3,1000.7,968.8,58,16,69,,,11.9,,,135.0,2,12,0,0,0,0
313,5901,189805,14.4,25.3,4.6,19.3,10.6,986.8,997.2,972.8,126,19,74,,,7.9,,,209.0,7,11,0,0,2,0
314,5901,189806,16.8,27.8,7.1,21.7,12.8,990.9,998.5,980.4,80,15,72,,,8.3,,,233.0,1,8,0,0,3,0
315,5901,189807,17.9,31.0,9.8,22.9,14.3,991.6,999.1,981.5,63,20,68,,,10.8,,,269.0,5,7,0,0,8,1
316,5901,189808,19.6,30.4,10.7,25.2,14.6,994.6,1000.5,981.2,70,8,69,,,7.2,,,305.0,14,4,0,0,21,1
317,5901,189809,15.2,27.2,5.0,20.6,11.1,995.7,1005.6,975.1,46,8,70,,,7.2,,,206.0,11,5,0,0,4,0
318,5901,189810,10.5,19.4,1.2,14.0,8.0,991.2,1004.0,963.7,71,14,86,,,6.1,,,102.0,3,15,0,0,0,0
319,5901,189811,6.2,17.0,-2.2,9.4,3.8,993.7,1010.4,966.7,15,10,88,,,8.6,,,48.0,1,18,6,0,0,0
320,5901,189812,2.6,14.0,-8.9,5.6,0.0,998.2,1013.1,978.7,14,14,83,,,13.3,,,55.0,0,17,16,4,0,0
321,5901,189901,2.5,14.0,-3.6,5.9,-0.4,990.9,1007.7,964.8,28,11,79,,,11.2,,,61.0,3,15,17,0,0,0
322,5901,189902,1.0,15.4,-9.9,5.5,-1.9,993.9,1007.5,969.3,16,14,80,,,7.9,,,74.0,3,11,20,3,0,0
323,5901,189903,4.1,20.6,-8.9,10.0,-0.7,993.1,1007.7,975.9,16,9,63,,,11.9,,,191.0,7,4,17,0,0,0
324,5901,189904,9.9,22.3,0.9,15.2,5.8,988.1,1001.7,973.6,66,20,68,,,11.5,,,147.0,2,11,0,0,0,0
325,5901,189905,13.5,27.2,2.9,18.2,9.8,990.5,1004.4,976.0,120,18,72,,,11.5,,,196.0,2,11,0,0,1,0
326,5901,189906,16.8,27.4,7.7,21.8,12.3,990.4,1001.9,974.0,18,11,65,,,7.9,,,269.0,4,6,0,0,7,0
327,5901,189907,19.4,31.7,9.3,24.5,15.6,993.1,1002.3,980.0,62,14,69,,,10.1,,,245.0,2,8,0,0,15,2
328,5901,189908,18.4,31.0,7.6,23.8,14.4,993.5,1003.2,980.8,52,10,66,,,7.2,,,266.0,4,3,0,0,11,3
329,5901,189909,14.7,28.3,6.5,19.7,11.2,989.1,1000.0,976.9,111,16,77,,,8.6,,,159.0,4,9,0,0,4,0
330,5901,189910,8.2,21.0,-1.1,13.3,4.3,997.9,1009.7,983.2,24,8,79,,,5.4,,,198.0,14,3,4,0,0,0
331,5901,189911,6.5,16.0,-4.2,9.7,3.9,1000.2,1009.2,988.7,15,12,76,,,13.3,,,88.0,1,10,3,0,0,0
332,5901,189912,-4.5,6.5,-16.2,-1.3,-7.2,993.3,1011.7,976.3,73,20,84,,,10.8,,,46.0,0,18,29,18,0,0
333,5901,190001,0.5,9.0,-11.3,3.4,-1.8,990.1,1007.9,967.5,128,25,85,,,9.7,,,25.0,0,23,19,5,0,0
334,5901,190002,3.7,13.6,-4.2,7.4,0.5,983.7,999.2,963.3,24,10,80,,,7.9,,,65.0,2,19,14,0,0,0
335,5901,190003,1.3,11.8,-8.2,4.9,-1.6,988.4,1008.1,976.0,122,17,80,,,12.2,,,88.0,4,16,20,4,0,0
336,5901,190004,8.4,23.3,-8.1,13.0,3.8,990.5,1010.7,969.2,74,16,67,,,9.4,,,202.0,5,8,5,0,0,0
337,5901,190005,12.7,23.0,1.9,17.2,9.0,989.3,998.7,974.7,61,12,72,,,11.5,,,218.0,6,10,0,0,0,0
338,5901,190006,17.7,26.9,11.0,22.6,13.7,990.8,997.6,982.4,78,15,72,,,10.1,,,264.0,2,6,0,0,4,0
339,5901,190007,20.6,32.2,9.3,25.6,16.5,992.0,1000.3,983.9,63,13,70,,,9.7,,,277.0,9,5,0,0,21,5
340,5901,190008,18.1,29.4,9.2,23.1,14.5,992.6,1002.5,982.4,37,12,73,,,8.6,,,206.0,2,6,0,0,9,0
341,5901,190009,16.1,24.8,9.6,21.3,12.0,996.6,1003.9,989.1,12,9,77,,,4.7,,,185.0,7,4,0,0,0,0
342,5901,190010,10.0,26.6,1.6,14.9,6.8,994.3,1009.1,978.7,79,17,77,,,7.2,,,145.0,5,6,0,0,1,0
343,5901,190011,6.7,12.2,0.6,8.9,4.7,989.2,1001.3,974.0,54,16,89,,,6.1,,,28.0,0,21,0,0,0,0
344,5901,190012,1.6,16.0,-5.9,5.5,-0.9,995.4,1008.5,973.7,58,9,84,,,10.4,,,50.0,3,17,22,1,0,0
345,5901,190101,-4.4,13.0,-15.4,-0.8,-7.8,999.1,1014.5,967.1,23,11,82,,,13.0,,,71.0,2,11,26,19,0,0
346,5901,190102,-3.4,6.5,-17.0,-0.2,-6.6,991.9,1004.1,974.0,31,10,81,,,10.8,,,100.0,3,7,27,12,0,0
347,5901,190103,3.8,15.1,-4.4,7.8,0.6,984.9,999.2,961.7,60,13,77,,,9.7,,,109.0,3,14,13,0,0,0
348,5901,190104,10.3,24.4,2.1,15.7,5.6,990.4,1002.8,976.0,65,15,63,,,11.9,,,205.0,1,5,0,0,0,0
349,5901,190105,15.2,27.8,4.2,20.3,10.5,992.0,1003.3,977.5,19,13,64,,,7.9,,,287.0,7,3,0,0,3,0
350,5901,190106,18.9,29.8,9.3,23.8,14.3,991.8,1002.0,974.8,24,11,63,,,11.2,,,280.0,6,5,0,0,12,0
351,5901,190107,20.8,31.9,12.2,26.0,16.6,990.7,1000.1,982.0,35,13,65,,,9.0,,,259.0,1,5,0,0,21,1
352,5901,190108,19.0,32.0,10.0,24.2,15.3,992.1,999.6,979.6,42,14,68,,,11.9,,,225.0,3,7,0,0,14,1
353,5901,190109,14.1,26.5,8.0,18.6,10.8,992.3,1005.6,976.5,98,10,78,,,5.4,,,154.0,7,9,0,0,1,0
354,5901,190110,11.2,23.0,3.7,15.1,8.4,991.6,1005.2,967.6,40,11,81,,,8.6,,,116.0,3,12,0,0,0,0
355,5901,190111,3.3,12.4,-5.8,6.9,0.1,995.4,1010.3,972.8,36,12,75,,,13.7,,,96.0,3,11,16,0,0,0
356,5901,190112,3.2,13.4,-5.1,6.6,0.5,985.3,1003.6,969.3,34,15,81,,,11.2,,,41.0,1,17,12,0,0,0
357,5901,190201,3.4,12.0,-3.9,6.8,1.1,995.8,1012.8,971.3,34,12,76,,,15.8,,,64.0,3,19,13,0,0,0
358,5901,190202,0.0,9.3,-8.2,2.9,-2.0,990.6,1004.5,974.7,50,18,85,,,7.6,,,51.0,3,18,19,1,0,0
359,5901,190203,4.6,18.8,-9.8,9.2,1.0,987.9,1007.7,968.5,67,14,69,,,11.5,,,139.0,5,9,11,0,0,0
360,5901,190204,9.0,21.1,-0.4,14.4,5.0,990.9,999.6,980.9,25,11,70,,,7.2,,,177.0,5,7,1,0,0,0
361,5901,190205,10.6,25.8,2.2,15.4,7.0,989.0,1000.8,976.8,67,18,69,,,9.0,,,200.0,3,7,0,0,2,0
362,5901,190206,16.3,27.9,7.2,21.4,12.4,988.9,1001.7,979.3,92,16,71,,,10.4,,,223.0,5,9,0,0,7,0
363,5901,190207,17.8,30.8,9.4,23.0,13.6,992.5,1001.6,980.1,103,16,70,,,8.6,,,266.0,5,5,0,0,8,1
364,5901,190208,18.0,30.0,9.2,23.3,14.3,991.5,999.2,983.1,54,14,74,,,8.6,,,249.0,5,8,0,0,12,1
365,5901,190209,14.0,27.7,3.4,19.2,10.3,995.4,1006.0,976.9,47,10,75,,,6.5,,,213.0,9,4,0,0,3,0
366,5901,190210,8.6,18.1,-0.6,12.4,5.6,993.2,1012.9,977.7,39,13,85,,,7.2,,,76.0,4,17,1,0,0,0
367,5901,190211,0.7,10.9,-9.0,4.1,-1.9,996.6,1008.3,981.9,1,3,83,,,7.2,,,79.0,9,13,19,7,0,0
368,5901,190212,-2.9,10.4,-15.7,0.2,-5.4,994.8,1013.1,968.0,93,17,85,,,12.6,,,22.0,0,21,22,14,0,0
369,5901,190301,-2.3,14.8,-18.2,1.5,-5.3,998.9,1015.6,975.3,42,12,84,,,7.2,,,69.0,9,14,25,13,0,0
370,5901,190302,4.6,20.6,-6.9,8.8,1.2,999.5,1015.9,976.9,29,8,71,,,14.0,,,106.0,2,8,11,0,0,0
371,5901,190303,7.2,22.4,-1.3,12.1,3.6,994.4,1008.0,969.7,37,14,72,,,7.2,,,129.0,8,12,2,0,0,0
372,5901,190304,6.8,20.7,-0.7,11.2,3.4,984.1,997.1,970.7,95,15,70,,,11.5,,,135.0,3,10,4,0,0,0
373,5901,190305,14.6,24.9,3.7,20.1,9.8,989.3,1002.7,974.9,20,13,66,,,7.9,,,245.0,1,2,0,0,0,0
374,5901,190306,16.7,25.2,7.3,21.5,13.2,989.3,999.7,981.5,89,16,70,,,8.6,,,218.0,4,6,0,0,5,0
375,5901,190307,18.5,31.0,10.5,23.4,14.9,990.0,1000.7,981.7,144,16,72,,,7.9,,,226.0,5,7,0,0,13,1
376,5901,190308,18.1,28.2,9.5,23.4,13.9,992.3,1003.3,980.1,114,18,74,,,6.8,,,246.0,10,2,0,0,9,0
377,5901,190309,14.5,27.9,6.0,19.6,10.7,996.1,1006.5,972.4,72,14,78,,,6.1,,,192.0,13,6,0,0,8,0
378,5901,190310,10.6,25.0,-1.2,14.7,7.6,989.7,998.7,979.7,57,16,80,,,9.7,,,104.0,6,12,2,0,1,0
379,5901,190311,5.7,13.6,-1.6,8.6,3.7,991.7,1006.7,955.6,111,27,84,,,9.4,,,44.0,0,21,2,0,0,0
380,5901,190312,0.3,7.2,-10.9,2.0,-1.0,990.6,1010.4,963.3,57,15,90,,,9.0,,,9.0,0,25,14,4,0,0
381,5901,190401,-1.9,6.6,-9.9,-0.7,-3.5,997.8,1010.9,978.3,5,4,88,,,9.7,,,20.0,0,26,29,22,0,0
382,5901,190402,2.5,13.5,-7.0,5.0,-0.2,983.0,999.6,965.9,53,16,80,,,11.5,,,56.0,0,14,15,4,0,0
383,5901,190403,4.5,14.0,-2.4,7.4,1.6,991.1,998.5,973.2,47,16,82,,,8.6,,,88.0,3,19,5,0,0,0
384,5901,190404,10.2,20.0,1.9,13.9,6.7,991.7,1004.4,981.7,75,18,71,,,12.2,,,,5,10,0,0,0,0
385,5901,190405,14.1,23.5,4.6,18.1,9.5,993.1,1004.7,983.1,40,13,67,,,10.4,,,260.0,8,7,0,0,0,0
386,5901,190406,17.9,28.6,8.8,22.0,13.2,992.4,1000.8,978.5,34,11,63,,,7.9,,,269.0,7,6,0,0,4,0
387,5901,190407,21.6,31.4,11.3,26.6,16.2,993.3,1001.1,983.2,16,8,54,,,9.4,,,358.0,16,0,0,0,23,5
388,5901,190408,19.8,33.1,10.5,24.7,15.1,992.5,1000.4,978.7,55,8,59,,,9.0,,,264.0,9,4,0,0,17,4
389,5901,190409,13.3,22.2,4.6,16.4,11.1,994.3,1004.7,985.5,105,17,78,,,10.8,,,101.0,4,17,0,0,0,0
390,5901,190410,9.5,16.4,2.4,12.2,7.2,994.7,1005.5,974.4,109,19,80,,,10.8,,,76.0,1,17,0,0,0,0
391,5901,190411,3.5,15.0,-4.6,6.5,1.4,993.4,1017.3,973.6,54,15,75,,,13.0,,,58.0,2,17,11,1,0,0
392,5901,190412,1.7,9.4,-9.1,3.9,-0.4,992.4,1010.3,970.7,60,13,79,,,15.1,,,51.0,2,16,13,1,0,0
393,5901,190501,-2.6,7.8,-17.0,0.3,-5.9,1000.4,1013.9,964.4,14,8,68,,,20.9,,,87.0,6,11,24,14,0,0
394,5901,190502,1.6,11.2,-7.6,3.8,-0.8,997.1,1012.1,979.2,21,13,78,,,14.0,,,47.0,1,18,17,2,0,0
395,5901,190503,5.9,18.0,-0.4,9.0,3.1,989.3,998.7,980.1,69,17,75,,,7.9,,,76.0,0,19,1,0,0,0
396,5901,190504,7.6,19.4,-2.1,11.9,3.7,987.1,999.6,970.7,77,18,71,,,11.5,,,138.0,2,9,4,0,0,0
397,5901,190505,14.2,22.5,5.4,18.3,9.5,992.7,1003.1,979.3,49,11,68,,,7.9,,,215.0,6,9,0,0,0,0
398,5901,190506,18.8,27.6,7.4,22.6,14.6,990.0,1000.3,977.5,33,7,69,,,7.2,,,231.0,5,5,0,0,10,0
399,5901,190507,20.9,31.9,12.5,25.5,16.5,992.2,998.4,984.9,80,14,68,,,8.3,,,293.0,8,1,0,0,16,1
400,5901,190508,19.3,32.7,9.4,24.0,15.3,991.2,1001.6,975.7,59,11,70,,,8.3,,,253.0,5,2,0,0,12,2
401,5901,190509,16.0,28.0,7.0,20.0,12.5,991.5,1002.1,982.5,27,8,76,,,6.5,,,149.0,6,10,0,0,4,0
402,5901,190510,5.8,14.9,-0.6,8.6,3.4,990.1,1002.5,978.3,50,14,76,,,13.0,,,92.0,2,12,2,0,0,0
403,5901,190511,4.8,13.7,-3.0,7.1,2.8,986.8,1004.3,960.0,136,17,87,,,9.7,,,34.0,0,19,6,0,0,0
404,5901,190512,1.8,11.3,-7.0,4.0,-0.3,1000.3,1017.5,975.6,28,16,81,,,11.2,,,53.0,1,16,16,2,0,0
405,5901,190601,0.5,10.6,-10.1,2.9,-2.1,996.4,1008.7,970.4,16,8,76,,,11.9,,,71.0,3,13,18,10,0,0
406,5901,190602,0.7,11.5,-10.9,2.8,-1.4,987.1,1004.3,974.3,41,16,84,,,8.6,,,61.0,0,17,21,0,0,0
407,5901,190603,4.9,18.4,-2.7,8.7,1.6,987.8,1006.1,968.7,71,14,70,,,17.3,,,145.0,5,10,11,0,0,0
408,5901,190604,10.5,22.4,-2.6,14.9,5.5,993.2,1010.9,973.3,23,8,68,,,8.3,,,233.0,9,2,2,0,0,0
409,5901,190605,15.1,23.1,4.1,19.2,10.8,987.5,997.6,970.0,57,17,77,,,8.3,,,234.0,5,8,0,0,0,0
410,5901,190606,16.5,28.8,7.6,19.8,13.2,991.4,998.7,980.1,114,20,77,,,12.2,,,188.0,2,15,0,0,6,0
411,5901,190607,19.1,27.9,10.5,22.9,15.6,991.8,999.1,980.8,102,13,75,,,11.9,,,219.0,4,9,0,0,9,0
412,5901,190608,18.1,28.5,8.1,22.2,14.5,993.9,1004.5,984.9,40,9,72,,,10.1,,,255.0,8,5,0,0,7,0
413,5901,190609,13.7,28.0,2.2,17.4,10.8,995.1,1008.0,983.5,121,15,76,,,11.5,,,132.0,6,14,0,0,7,0
414,5901,190610,9.4,17.7,0.1,12.6,6.6,994.5,1002.8,977.2,34,12,83,,,6.5,,,113.0,4,10,0,0,0,0
415,5901,190611,7.4,16.7,-3.9,10.1,4.6,992.8,1013.9,971.5,59,10,76,,,14.4,,,99.0,5,8,3,0,0,0
416,5901,190612,-1.3,10.3,-12.9,0.8,-3.3,988.9,1014.0,962.9,49,18,79,,,14.8,,,53.0,0,18,23,14,0,0
417,5901,190701,-0.6,8.0,-21.6,1.6,-3.1,999.1,1026.1,973.1,41,18,75,,,19.1,,,58.0,2,18,16,8,0,0
418,5901,190702,-0.9,8.0,-9.8,0.9,-2.9,991.4,1004.3,963.7,9,8,77,,,18.0,,,71.0,2,17,22,14,0,0
419,5901,190703,3.3,13.7,-6.0,6.6,0.4,995.3,1010.3,977.6,38,19,67,,,17.6,,,147.0,2,11,15,1,0,0
420,5901,190704,7.1,14.3,-0.8,10.3,4.0,984.7,1002.0,970.5,100,20,73,,,11.9,,,109.0,2,15,2,0,0,0
421,5901,190705,16.0,26.0,3.6,20.6,10.8,990.3,998.0,977.9,48,9,67,,,10.1,,,270.0,9,7,0,0,8,0
422,5901,190706,18.0,27.2,7.3,22.0,13.6,990.7,997.5,979.2,52,12,66,,,12.2,,,234.0,5,6,0,0,7,0
423,5901,190707,17.5,29.6,9.2,22.0,13.6,990.3,999.2,977.3,164,14,69,,,15.1,,,281.0,4,5,0,0,9,0
424,5901,190708,18.6,29.0,8.5,23.5,14.2,993.7,1000.5,982.5,50,10,72,,,9.7,,,258.0,9,6,0,0,14,0
425,5901,190709,14.8,26.1,3.9,19.5,10.7,996.6,1005.7,979.3,20,5,73,,,7.9,,,221.0,12,2,0,0,1,0
426,5901,190710,13.6,22.7,5.0,17.6,10.0,989.6,1002.4,978.3,50,12,80,,,9.0,,,152.0,5,7,0,0,0,0
427,5901,190711,2.8,14.1,-6.3,5.2,0.8,996.6,1010.4,981.6,54,15,88,,,7.9,,,66.0,4,20,14,2,0,0
428,5901,190712,2.3,10.7,-7.4,4.3,0.0,990.5,1012.3,965.5,77,16,81,,,10.8,,,56.0,1,20,16,5,0,0
429,5901,190801,-2.1,10.7,-16.6,0.8,-5.2,998.5,1012.7,968.9,30,6,79,,,11.2,,,68.0,1,13,27,12,0,0
430,5901,190802,2.3,9.5,-4.2,4.9,0.0,991.3,1010.1,970.1,36,13,72,,,20.5,,,71.0,1,15,16,2,0,0
431,5901,190803,3.8,13.2,-2.4,6.9,0.8,990.8,1002.1,974.5,22,16,75,,,9.0,,,109.0,2,13,14,0,0,0
432,5901,190804,8.2,17.4,1.0,11.7,4.7,986.5,1001.1,971.1,57,21,69,,,11.5,,,121.0,0,16,0,0,0,0
433,5901,190805,16.8,27.3,8.6,20.9,12.7,993.4,1006.9,977.7,60,16,68,,,10.4,,,225.0,3,9,0,0,4,0
434,5901,190806,19.7,31.2,8.7,23.8,15.2,992.0,1001.3,979.1,43,10,63,,,9.4,,,306.0,6,7,0,0,16,1
435,5901,190807,19.2,32.3,10.3,24.0,14.8,990.9,1001.3,979.7,90,17,65,,,11.5,,,280.0,6,5,0,0,11,1
436,5901,190808,17.0,26.3,8.9,21.1,13.3,991.4,998.1,983.6,75,17,69,,,9.7,,,202.0,3,16,0,0,3,0
437,5901,190809,13.2,23.0,5.2,17.6,9.2,995.6,1004.9,984.1,31,10,72,,,8.3,,,211.0,7,5,0,0,0,0
438,5901,190810,9.1,23.7,-5.4,13.6,5.3,1000.4,1007.6,991.6,3,3,72,,,7.9,,,179.0,10,9,4,0,0,0
439,5901,190811,0.7,9.2,-8.7,3.6,-2.3,996.8,1016.1,973.3,25,11,77,,,9.4,,,100.0,3,10,21,7,0,0
440,5901,190812,-1.4,9.0,-10.9,0.4,-3.1,995.2,1014.4,965.5,14,8,82,,,9.7,,,27.0,1,23,23,12,0,0
441,5901,190901,-1.9,9.5,-13.1,0.6,-4.2,998.5,1016.0,968.9,22,8,76,,,11.2,,,80.0,3,10,24,13,0,0
442,5901,190902,-2.2,7.8,-13.3,0.3,-4.8,991.9,1002.3,973.9,71,14,72,,,16.2,,,55.0,0,17,25,14,0,0
443,5901,190903,3.1,19.3,-10.4,6.6,-0.1,982.1,991.5,960.9,55,16,75,,,8.3,,,126.0,0,17,15,1,0,0
444,5901,190904,10.2,25.7,-1.6,15.3,5.8,991.9,1008.5,974.7,46,9,60,,,11.5,,,214.0,2,9,4,0,1,0
445,5901,190905,12.6,25.6,2.4,16.6,8.9,993.6,1004.3,982.0,112,14,67,,,10.1,,,202.0,2,16,0,0,3,0
446,5901,190906,16.6,26.6,8.9,21.0,12.5,988.5,999.3,979.3,46,17,67,,,10.4,,,233.0,3,8,0,0,4,0
447,5901,190907,17.6,28.6,10.0,21.8,14.2,989.5,999.7,976.1,71,18,66,,,15.1,,,234.0,0,9,0,0,7,0
448,5901,190908,18.8,28.9,11.0,23.3,15.1,991.2,1002.0,978.8,71,19,70,,,9.7,,,222.0,5,11,0,0,13,0
449,5901,190909,14.9,23.8,5.6,19.0,11.8,991.5,999.6,982.3,62,12,75,,,6.8,,,188.0,8,7,0,0,0,0
450,5901,190910,11.2,18.2,0.2,14.4,8.6,992.8,1003.2,982.8,25,18,83,,,7.6,,,105.0,3,12,0,0,0,0
451,5901,190911,3.5,13.6,-5.1,5.7,1.5,988.9,998.7,973.6,24,18,75,,,12.2,,,53.0,0,19,10,1,0,0
452,5901,190912,1.8,9.3,-4.2,3.8,-0.2,987.4,1007.5,964.3,56,16,82,,,7.9,,,43.0,3,17,15,4,0,0
453,5901,191001,1.0,9.0,-8.3,3.0,-0.9,990.2,1011.6,957.2,41,12,77,,,14.0,,,61.0,1,17,15,5,0,0
454,5901,191002,3.2,13.8,-3.2,6.2,0.5,988.6,1000.7,973.3,47,11,78,,,10.4,,,68.0,1,20,12,0,0,0
455,5901,191003,5.4,16.0,-2.9,9.9,1.4,995.0,1003.1,977.3,39,8,72,,,10.4,,,163.0,8,9,9,0,0,0
456,5901,191004,8.9,20.0,-4.0,13.1,4.5,987.5,1001.5,974.9,48,13,70,,,14.0,,,182.0,2,11,3,0,0,0
457,5901,191005,13.6,24.1,2.6,17.8,9.7,986.2,993.5,976.4,161,16,77,,,11.9,,,189.0,0,13,0,0,0,0
458,5901,191006,17.9,27.0,7.3,22.6,13.7,988.1,998.8,971.9,97,19,73,,,10.1,,,230.0,1,10,0,0,7,0
459,5901,191007,17.7,30.4,10.5,22.1,13.9,987.7,994.8,977.7,84,16,74,,,12.6,,,239.0,1,10,0,0,7,1
460,5901,191008,17.8,28.0,9.4,22.1,14.3,990.7,997.2,981.6,105,18,75,,,11.5,,,227.0,3,8,0,0,6,0
461,5901,191009,13.0,20.8,5.9,16.3,10.1,993.8,1004.4,986.1,121,16,84,,,13.3,,,106.0,2,16,0,0,0,0
462,5901,191010,9.8,19.1,1.9,13.3,6.7,995.8,1011.2,981.1,23,8,83,,,9.4,,,138.0,5,9,0,0,0,0
463,5901,191011,3.7,14.2,-2.9,6.2,1.7,983.8,996.8,962.4,98,21,78,,,16.2,,,75.0,1,17,8,0,0,0
464,5901,191012,3.7,13.0,-4.0,6.0,1.8,989.3,1006.1,972.5,39,13,87,,,11.2,,,31.0,0,22,6,0,0,0
465,5901,191101,-0.8,7.0,-11.5,1.4,-3.0,999.9,1014.1,980.7,26,13,77,,,16.9,,,89.0,2,16,25,9,0,0
466,5901,191102,0.8,13.7,-11.5,4.1,-2.2,995.6,1011.5,975.6,35,14,71,,,21.6,,,99.0,1,11,17,7,0,0
467,5901,191103,5.3,21.1,-2.1,9.0,1.9,989.4,1001.1,973.1,51,10,77,,,12.2,,,129.0,0,12,10,0,0,0
468,5901,191104,9.4,23.0,-3.0,14.1,5.0,989.7,1009.2,974.7,40,13,65,,,13.7,,,188.0,4,11,5,0,0,0
469,5901,191105,13.9,24.1,2.9,17.9,9.8,988.6,996.8,975.2,166,18,77,,,11.9,,,210.0,2,16,0,0,0,0
470,5901,191106,16.6,26.0,7.9,20.9,12.4,992.6,1003.2,976.8,79,14,69,,,12.6,,,259.0,2,8,0,0,3,0
471,5901,191107,21.1,31.1,11.1,25.4,16.3,995.3,1004.7,985.6,36,11,62,,,7.2,,,310.0,3,6,0,0,17,6
472,5901,191108,20.6,28.6,11.6,25.3,16.5,991.6,1000.4,981.5,72,15,63,,,9.4,,,271.0,3,7,0,0,19,0
473,5901,191109,15.8,28.6,5.1,20.4,11.4,993.6,1003.3,980.1,53,12,69,,,9.7,,,205.0,9,12,0,0,8,0
474,5901,191110,9.4,20.0,1.3,13.1,6.0,993.2,1007.5,973.9,50,11,79,,,9.0,,,136.0,5,11,0,0,0,0
475,5901,191111,6.0,16.1,0.0,9.0,2.8,990.2,1007.1,962.3,24,10,81,,,8.3,,,59.0,1,15,0,0,0,0
476,5901,191112,2.8,9.4,-2.0,4.9,0.8,992.1,1006.3,974.7,64,18,84,,,11.9,,,31.0,2,21,6,0,0,0
477,5901,191201,-2.6,11.1,-15.6,-0.3,-5.5,993.9,1011.7,954.5,27,14,74,,,14.4,,,78.0,5,14,25,16,0,0
478,5901,191202,3.0,13.1,-15.0,5.7,-0.2,987.7,1004.7,957.5,50,16,81,,,10.8,,,61.0,0,18,11,3,0,0
479,5901,191203,7.5,20.2,0.0,11.7,3.7,989.3,1003.7,972.3,51,16,72,,,10.4,,,126.0,1,15,0,0,0,0
480,5901,191204,8.2,18.5,-3.0,12.4,4.0,991.0,1004.4,969.9,52,13,60,,,13.3,,,192.0,0,9,3,0,0,0
481,5901,191205,13.9,29.0,1.9,18.3,9.4,989.4,1002.5,977.9,120,13,66,,,10.8,,,218.0,1,13,0,0,2,0
482,5901,191206,18.0,25.8,9.9,21.9,13.8,988.5,996.5,977.2,91,14,72,,,11.5,,,200.0,1,11,0,0,4,0
483,5901,191207,18.8,26.0,9.8,22.9,14.5,990.1,998.5,978.1,130,14,70,,,10.4,,,238.0,3,11,0,0,5,0
484,5901,191208,16.5,24.9,8.9,20.6,12.5,988.2,997.1,976.0,51,19,74,,,13.3,,,190.0,6,10,0,0,0,0
485,5901,191209,10.5,18.0,3.2,13.2,8.1,993.4,1002.8,981.3,94,17,76,,,15.1,,,86.0,0,19,0,0,0,0
486,5901,191210,7.2,19.0,-1.2,10.6,3.9,993.6,1010.8,973.6,42,17,78,,,10.8,,,89.0,2,18,2,0,0,0
487,5901,191211,2.2,10.0,-4.1,4.4,-0.1,992.0,1007.5,964.0,33,13,78,,,14.4,,,64.0,1,15,15,1,0,0
488,5901,191212,2.9,13.1,-6.1,5.4,-0.1,996.8,1007.6,980.8,19,9,79,,,13.3,,,55.0,2,14,14,3,0,0
489,5901,191301,-1.7,8.1,-15.0,0.0,-4.1,995.5,1008.7,978.7,30,10,81,,,10.8,,,43.0,1,20,29,15,0,0
490,5901,191302,0.6,10.1,-10.0,3.6,-3.2,999.2,1011.6,983.5,9,4,67,,,11.9,,,116.0,6,9,21,7,0,0
491,5901,191303,7.3,20.0,-8.0,12.3,2.4,994.5,1010.1,976.8,22,8,67,,,11.5,,,161.0,3,10,6,1,0,0
492,5901,191304,9.6,25.5,-2.6,13.9,5.4,987.4,997.3,971.2,36,12,64,,,11.5,,,179.0,6,12,4,0,1,0
493,5901,191305,13.5,26.0,2.5,18.0,9.0,989.3,1001.9,973.9,52,11,65,,,11.2,,,216.0,4,13,0,0,2,0
494,5901,191306,17.0,28.0,6.0,21.5,12.5,992.8,1004.3,985.6,46,13,63,,,11.2,,,239.0,5,8,0,0,8,0
495,5901,191307,16.1,25.1,9.6,20.1,12.6,988.2,995.3,981.9,155,23,73,,,11.9,,,190.0,1,14,0,0,2,0
496,5901,191308,17.1,25.4,9.0,21.2,13.7,990.4,1000.5,974.9,83,19,73,,,10.1,,,202.0,2,11,0,0,1,0
497,5901,191309,14.3,24.2,5.9,17.7,11.1,991.9,1000.9,978.4,56,11,78,,,8.6,,,157.0,3,10,0,0,0,0
498,5901,191310,9.9,20.0,-1.6,13.7,6.4,993.8,1011.1,978.1,27,18,83,,,6.5,,,133.0,4,8,1,0,0,0
499,5901,191311,6.8,14.2,-1.0,9.1,4.3,993.4,1007.2,973.9,93,22,83,,,10.4,,,52.0,2,16,2,0,0,0
500,5901,191312,3.0,14.5,-6.1,5.3,0.4,991.4,1010.5,966.0,76,17,73,,,14.8,,,76.0,3,15,14,2,0,0
501,5901,191401,-4.4,8.2,-14.1,-2.2,-7.2,995.6,1010.0,975.2,19,9,75,,,9.7,,,46.0,2,15,28,23,0,0
502,5901,191402,-1.2,11.6,-12.7,1.3,-4.0,994.2,1010.1,967.3,5,3,88,,,6.1,,,31.0,1,21,20,15,0,0
503,5901,191403,6.1,16.2,-2.0,9.8,2.5,984.3,1008.1,964.7,46,17,71,,,15.5,,,109.0,1,15,3,0,0,0
504,5901,191404,11.5,22.1,2.2,16.7,6.1,994.8,1005.5,975.6,32,9,59,,,8.6,,,248.0,7,8,0,0,0,0
505,5901,191405,13.7,23.9,0.2,18.1,9.4,991.6,1008.0,980.9,80,15,67,,,10.4,,,191.0,2,15,0,0,0,0
506,5901,191406,16.9,26.3,7.2,21.3,12.9,989.3,1000.5,976.3,58,14,68,,,9.0,,,227.0,1,17,0,0,4,0
507,5901,191407,18.2,27.9,10.0,22.6,14.3,987.5,995.2,974.3,134,12,71,,,12.6,,,240.0,2,8,0,0,14,0
508,5901,191408,18.5,28.0,9.9,23.2,13.9,993.2,1003.3,981.9,43,8,71,,,6.1,,,299.0,10,4,0,0,10,0
509,5901,191409,14.2,26.1,5.0,18.2,10.4,992.6,1002.7,973.2,78,16,68,,,12.2,,,163.0,5,11,0,0,2,0
510,5901,191410,9.1,16.1,-1.6,12.2,6.3,991.5,1001.6,977.2,36,15,80,,,9.0,,,85.0,2,15,1,0,0,0
511,5901,191411,3.7,13.2,-8.0,5.9,1.4,990.8,1003.6,971.1,27,12,82,,,9.7,,,49.0,0,19,11,3,0,0
512,5901,191412,2.1,11.1,-4.2,3.9,0.0,990.6,1008.3,969.6,45,20,88,,,6.1,,,24.0,0,22,13,0,0,0
513,5901,191501,1.7,10.2,-6.5,4.0,-0.3,979.7,1006.8,963.1,90,19,76,,,13.3,,,42.0,0,18,13,6,0,0
514,5901,191502,1.1,10.3,-11.3,3.6,-1.4,987.9,1005.3,960.9,30,11,80,,,8.6,,,61.0,1,19,15,3,0,0
515,5901,191503,3.1,14.1,-6.2,6.7,-0.2,986.5,1004.9,968.1,79,20,71,,,13.0,,,96.0,3,18,14,2,0,0
516,5901,191504,9.7,20.4,-1.8,13.9,5.1,990.1,1001.3,973.7,65,10,66,,,8.6,,,178.0,4,13,2,0,0,0
517,5901,191505,15.0,24.7,2.8,19.3,10.3,990.6,1000.9,978.1,41,10,66,,,7.6,,,210.0,1,10,0,0,0,0
518,5901,191506,19.1,29.0,9.0,23.8,14.1,990.4,998.0,978.5,113,9,65,,,8.3,,,282.0,4,10,0,0,14,0
519,5901,191507,18.4,28.2,9.9,22.5,14.4,990.2,997.9,980.9,101,17,72,,,9.0,,,219.0,1,11,0,0,7,0
520,5901,191508,16.6,25.8,9.9,20.9,13.2,990.6,999.6,982.0,83,19,77,,,9.7,,,193.0,4,14,0,0,1,0
521,5901,191509,12.9,23.0,2.9,16.8,9.1,992.2,1008.9,974.1,74,13,72,,,9.7,,,187.0,6,10,0,0,0,0
522,5901,191510,7.9,15.0,0.0,10.2,5.8,992.3,999.3,983.1,89,13,83,,,6.8,,,38.0,0,24,0,0,0,0
523,5901,191511,2.5,15.0,-11.8,4.8,0.2,989.2,1017.3,970.0,49,18,78,,,10.4,,,62.0,1,21,11,5,0,0
524,5901,191512,4.8,17.1,-8.2,7.5,1.8,987.9,1006.0,974.7,48,18,81,,,8.6,,,20.0,1,21,11,2,0,0
525,5901,191601,4.9,13.2,-3.2,7.4,2.2,997.4,1011.3,972.9,66,15,73,,,13.7,,,60.0,0,20,5,0,0,0
526,5901,191602,1.3,11.3,-6.2,3.7,-1.3,988.9,1010.1,971.6,50,13,81,,,9.7,,,46.0,1,19,20,4,0,0
527,5901,191603,7.7,17.0,0.0,11.3,4.1,981.5,1006.4,965.7,33,12,78,,,7.2,,,93.0,0,18,0,0,0,0
528,5901,191604,9.8,21.7,0.9,14.4,5.2,986.9,1003.1,973.1,127,19,71,,,10.8,,,154.0,6,14,0,0,0,0
529,5901,191605,14.9,25.0,5.0,19.5,9.9,989.9,1000.8,979.7,61,11,69,,,9.4,,,277.0,3,9,0,0,2,0
530,5901,191606,15.7,27.0,6.3,20.5,11.1,988.6,997.7,977.7,84,17,71,,,10.1,,,213.0,1,16,0,0,3,0
531,5901,191607,18.8,31.8,11.9,23.3,14.7,990.0,996.1,974.3,165,19,71,,,9.4,,,241.0,0,16,0,0,11,1
532,5901,191608,17.8,29.0,9.0,22.4,13.5,989.2,1002.4,977.1,90,14,72,,,9.4,,,220.0,3,12,0,0,9,0
533,5901,191609,13.3,24.1,3.0,17.2,10.1,990.7,1002.1,973.3,86,15,78,,,10.1,,,155.0,5,11,0,0,0,0
534,5901,191610,9.5,23.5,1.0,12.7,6.6,993.9,1001.9,981.9,27,14,76,,,10.8,,,107.0,1,15,0,0,0,0
535,5901,191611,6.2,17.8,-5.0,8.5,3.8,991.1,1008.9,960.4,26,14,82,,,10.1,,,53.0,1,19,6,2,0,0
536,5901,191612,4.2,11.5,-2.3,6.3,2.1,984.1,1003.7,965.2,56,16,82,,,10.8,,,32.0,0,22,6,0,0,0
537,5901,191701,-1.6,11.3,-15.0,0.8,-4.0,985.9,1007.2,970.4,86,17,78,,,8.3,,,53.0,3,21,23,12,0,0
538,5901,191702,-3.7,6.3,-17.2,-1.2,-7.1,995.2,1009.5,983.9,21,11,76,,,6.5,,,94.0,5,16,25,16,0,0
539,5901,191703,2.2,14.1,-3.8,5.1,-0.6,985.4,1012.1,953.9,44,15,72,,,11.5,,,66.0,0,20,20,0,0,0
540,5901,191704,6.6,20.0,-1.1,10.4,2.9,986.7,1000.0,967.6,102,21,71,,,11.9,,,111.0,0,16,2,0,0,0
541,5901,191705,15.8,26.0,3.0,20.7,9.6,992.4,1002.1,981.2,20,5,60,,,9.4,,,305.0,6,5,0,0,4,0
542,5901,191706,19.8,29.0,9.5,24.6,14.0,994.3,1002.7,984.4,8,6,56,,,8.6,,,343.0,7,3,0,0,13,0
543,5901,191707,20.6,31.1,12.9,25.2,16.1,991.2,999.6,982.1,47,12,58,,,11.5,,,273.0,1,14,0,0,18,2
544,5901,191708,19.6,30.5,10.3,24.4,15.0,989.0,997.9,978.4,41,12,66,,,9.4,,,277.0,7,7,0,0,15,1
545,5901,191709,16.8,29.3,7.8,22.2,11.8,995.2,1002.4,983.3,13,8,64,,,7.9,,,253.0,12,2,0,0,4,0
546,5901,191710,9.3,23.0,1.9,13.2,5.8,989.0,1002.7,971.5,81,20,78,,,7.9,,,95.0,2,12,0,0,0,0
547,5901,191711,5.6,14.0,-1.9,7.8,3.2,994.4,1006.5,970.7,46,14,76,,,10.8,,,52.0,1,19,3,0,0,0
548,5901,191712,-1.2,9.1,-7.8,0.9,-3.8,994.1,1012.7,977.2,65,16,78,,,11.2,,,29.0,1,20,29,12,0,0
549,5901,191801,0.1,13.0,-10.2,3.1,-2.7,994.6,1014.3,963.9,16,14,80,,,7.9,,,48.0,0,18,25,3,0,0
550,5901,191802,1.8,12.3,-8.2,4.6,-1.0,1000.6,1015.5,977.3,34,10,74,,,13.0,,,79.0,3,14,16,7,0,0
551,5901,191803,5.6,18.0,-6.1,9.6,1.8,993.3,1001.9,976.3,21,8,67,,,10.1,,,148.0,5,16,9,0,0,0
552,5901,191804,12.0,20.2,0.3,16.9,7.3,985.8,996.0,975.2,55,12,70,,,9.0,,,141.0,0,13,0,0,0,0
553,5901,191805,15.4,27.0,7.0,19.7,10.5,991.5,999.7,978.4,24,12,62,,,7.9,,,276.0,2,8,0,0,4,0
554,5901,191806,15.4,27.0,6.9,19.9,11.1,990.5,999.7,980.3,138,18,63,,,11.9,,,226.0,1,14,0,0,1,0
555,5901,191807,18.3,29.1,10.8,22.3,14.7,990.1,996.8,983.3,92,19,72,,,10.8,,,224.0,1,10,0,0,11,0
556,5901,191808,17.9,29.2,11.1,22.4,14.3,991.1,1001.2,983.1,128,21,74,,,11.9,,,192.0,3,8,0,0,6,0
557,5901,191809,15.1,23.0,7.0,19.8,11.2,990.3,999.5,976.9,41,18,80,,,8.6,,,199.0,4,9,0,0,0,0
558,5901,191810,9.6,16.6,2.9,12.4,6.9,992.4,1004.4,980.3,100,22,84,,,9.0,,,87.0,4,19,0,0,0,0
559,5901,191811,3.3,12.2,-5.1,4.7,1.9,996.8,1008.0,986.0,39,16,84,,,9.0,,,51.0,1,20,17,5,0,0
560,5901,191812,3.1,15.0,-7.7,5.5,0.5,990.7,1005.1,971.1,94,25,84,,,9.7,,,21.0,1,21,8,1,0,0
561,5901,191901,1.6,13.7,-8.3,3.2,-0.2,990.3,1008.1,966.9,44,17,85,,,7.6,,,18.0,0,25,15,5,0,0
562,5901,191902,0.2,13.2,-9.2,2.6,-2.7,986.5,1006.9,967.3,24,9,78,,,9.0,,,72.0,1,14,18,12,0,0
563,5901,191903,4.9,17.1,-2.0,8.5,1.9,986.5,998.7,961.2,67,14,76,,,11.9,,,99.0,1,15,5,0,0,0
564,5901,191904,7.8,17.1,-0.6,11.3,4.3,987.5,999.7,968.1,68,15,70,,,13.7,,,113.0,0,9,3,0,0,0
565,5901,191905,11.3,21.1,1.4,15.0,7.2,992.2,1000.4,975.6,104,19,66,,,13.0,,,219.0,4,12,0,0,0,0
566,5901,191906,16.9,29.1,8.8,21.2,12.5,992.8,1005.1,976.8,72,11,64,,,11.2,,,233.0,6,10,0,0,7,0
567,5901,191907,16.9,26.6,9.1,21.3,12.8,989.6,995.5,982.3,92,19,72,,,11.2,,,237.0,1,6,0,0,4,0
568,5901,191908,18.5,31.2,9.2,23.4,13.8,992.8,999.5,983.1,48,9,67,,,10.1,,,254.0,6,6,0,0,10,1
569,5901,191909,16.5,25.2,3.9,21.3,11.8,993.4,1005.7,973.7,75,10,75,,,7.6,,,248.0,13,2,0,0,3,0
570,5901,191910,8.0,20.2,-1.2,10.9,5.5,993.3,1010.4,979.5,53,21,79,,,9.0,,,93.0,2,17,1,0,0,0
571,5901,191911,2.6,13.5,-7.0,4.5,0.0,985.0,1003.2,965.5,86,19,83,,,11.2,,,36.0,0,20,12,2,0,0
572,5901,191912,1.9,11.9,-8.6,4.0,-0.5,989.4,1004.8,970.0,58,19,79,,,11.9,,,32.0,0,18,15,4,0,0
573,5901,192001,3.0,14.8,-4.0,5.0,0.8,991.4,1008.4,972.1,77,24,81,,,12.6,,,52.0,0,21,13,3,0,0
574,5901,192002,3.5,12.6,-4.4,6.5,0.4,1001.2,1016.7,981.3,34,8,71,,,10.8,,,127.0,6,12,12,0,0,0
575,5901,192003,7.4,18.3,-1.2,11.4,3.3,992.7,1007.5,971.1,17,11,67,,,11.9,,,134.0,3,13,2,0,0,0
576,5901,192004,12.4,24.9,2.0,17.0,8.2,986.6,996.9,972.3,50,9,65,,,14.4,,,187.0,0,7,0,0,0,0
577,5901,192005,16.0,26.2,2.5,20.3,11.4,994.4,1006.0,986.9,81,14,71,,,9.4,,,272.0,6,7,0,0,4,0
578,5901,192006,16.0,26.1,8.0,19.5,12.8,990.3,998.1,982.8,105,21,73,,,9.7,,,156.0,0,14,0,0,2,0
579,5901,192007,19.3,29.8,8.5,23.8,15.1,991.3,1003.5,983.7,130,17,73,,,10.4,,,275.0,8,8,0,0,12,0
580,5901,192008,16.9,26.0,7.5,20.9,13.4,991.6,1001.2,984.4,136,18,77,,,11.5,,,196.0,4,8,0,0,2,0
581,5901,192009,14.8,24.1,6.0,18.5,11.6,993.3,1000.4,983.1,43,25,81,,,7.6,,,158.0,1,8,0,0,0,0
582,5901,192010,7.1,20.1,-9.1,10.9,3.6,996.1,1006.4,983.6,1,7,74,,,7.6,,,169.0,10,7,3,2,0,0
583,5901,192011,0.0,6.8,-5.4,2.0,-2.3,1002.1,1013.9,992.3,2,5,79,,,7.9,,,,0,16,24,8,0,0
584,5901,192012,1.1,13.8,-7.1,2.6,-0.9,994.0,1004.4,982.8,115,20,92,,,5.0,,,20.0,0,24,17,5,0,0
585,5901,192101,5.0,13.2,-6.2,7.6,2.2,993.5,1010.4,973.1,67,18,76,,,15.1,,,87.0,1,9,7,0,0,0
586,5901,192102,1.7,9.5,-7.0,3.9,-0.7,998.8,1012.4,979.6,90,11,74,,,15.1,,,112.0,6,13,15,2,0,0
587,5901,192103,6.6,19.5,-4.8,12.2,1.1,997.8,1011.1,982.3,2,2,57,,,11.2,,,251.0,14,1,10,0,0,0
588,5901,192104,8.7,20.7,1.4,12.5,4.7,991.1,1004.1,974.9,148,17,66,,,12.6,,,157.0,6,14,0,0,0,0
589,5901,192105,16.1,25.1,4.9,20.2,10.9,990.4,999.3,976.9,47,11,67,,,11.5,,,300.0,9,2,0,0,1,0
590,5901,192106,16.6,29.4,7.0,21.0,12.2,991.4,998.7,981.3,63,14,64,,,11.9,,,228.0,5,7,0,0,5,0
591,5901,192107,20.7,33.1,10.4,25.2,16.0,992.8,1000.0,983.7,46,8,60,,,10.8,,,288.0,10,5,0,0,17,5
592,5901,192108,19.9,33.3,11.0,25.0,15.0,990.3,1000.1,976.7,32,7,62,,,12.6,,,287.0,10,1,0,0,13,5
593,5901,192109,14.9,27.6,1.0,19.9,10.0,997.2,1007.7,984.8,27,9,65,,,9.7,,,252.0,12,2,0,0,5,0
594,5901,192110,11.4,21.9,-0.9,16.1,7.2,998.3,1007.6,978.1,53,8,72,,,11.2,,,181.0,9,6,1,0,0,0
595,5901,192111,1.7,15.2,-8.7,3.7,-0.4,996.3,1011.5,978.3,37,15,79,,,11.2,,,46.0,2,19,14,8,0,0
596,5901,192112,0.6,14.5,-13.5,3.4,-2.6,994.6,1007.1,978.9,45,12,73,,,14.4,,,61.0,1,12,18,9,0,0
597,5901,192201,-2.1,9.8,-12.9,-0.2,-4.7,988.9,1005.7,966.7,78,17,77,,,14.4,,,44.0,3,14,26,18,0,0
598,5901,192202,-1.8,11.0,-15.0,0.8,-4.9,994.5,1010.8,966.3,29,13,78,,,10.8,,,53.0,2,14,22,10,0,0
599,5901,192203,5.9,18.5,-2.1,9.6,2.5,987.5,1005.9,966.8,35,13,68,,,11.9,,,136.0,5,10,5,0,0,0
600,5901,192204,8.1,23.8,-2.3,12.3,3.8,985.0,995.9,969.5,24,18,69,,,11.5,,,146.0,3,12,1,0,0,0
601,5901,192205,15.3,26.9,3.3,19.9,10.3,995.5,1008.3,980.7,30,10,58,,,13.7,,,282.0,6,4,0,0,5,0
602,5901,192206,18.3,27.2,10.0,22.8,13.7,990.2,997.5,981.1,58,14,61,,,13.7,,,254.0,4,6,0,0,12,0
603,5901,192207,18.9,31.6,10.2,24.0,13.8,990.5,999.2,957.1,34,13,61,,,15.5,,,304.0,11,3,0,0,13,4
604,5901,192208,18.0,28.5,9.0,22.9,13.6,992.2,999.1,982.1,57,14,69,,,10.8,,,263.0,8,5,0,0,8,0
605,5901,192209,12.6,22.0,5.0,16.1,9.8,989.9,1003.9,970.1,181,19,79,,,11.9,,,90.0,2,20,0,0,0,0
606,5901,192210,6.8,16.6,-0.3,9.2,4.7,991.4,1002.9,978.5,146,21,82,,,9.4,,,51.0,2,23,2,0,0,0
607,5901,192211,3.1,12.3,-5.2,5.6,0.5,994.9,1010.0,962.3,31,13,75,,,14.4,,,74.0,1,15,10,1,0,0
608,5901,192212,1.4,11.2,-5.6,3.3,-0.9,991.0,1006.9,959.6,50,15,83,,,9.4,,,24.0,1,22,17,7,0,0
609,5901,192301,1.9,8.2,-4.9,3.5,-0.1,995.2,1009.9,980.5,53,18,76,,,14.8,,,38.0,1,21,16,3,0,0
610,5901,192302,0.9,10.3,-8.0,3.2,-1.6,986.9,998.8,974.3,34,11,79,,,9.7,,,61.0,1,17,21,7,0,0
611,5901,192303,5.7,17.4,-1.7,9.1,2.0,992.9,1002.5,969.9,69,12,72,,,8.6,,,154.0,7,11,3,0,0,0
612,5901,192304,8.1,19.7,-2.9,12.5,4.1,986.0,1002.9,972.5,59,16,70,,,9.7,,,132.0,4,16,5,0,0,0
613,5901,192305,15.2,28.8,2.8,20.0,10.1,991.0,1001.9,973.6,37,10,68,,,8.6,,,272.0,3,5,0,0,3,0
614,5901,192306,14.2,25.0,5.7,18.4,10.7,991.8,1001.7,974.8,69,20,70,,,11.5,,,178.0,0,15,0,0,1,0
615,5901,192307,20.6,30.8,9.5,24.9,15.6,994.0,1003.5,982.1,53,8,60,,,7.9,,,306.0,8,5,0,0,19,1
616,5901,192308,18.5,31.0,10.6,23.9,13.6,992.1,999.9,980.0,45,12,66,,,8.6,,,274.0,6,4,0,0,12,1
617,5901,192309,14.6,25.3,6.0,19.3,11.0,995.1,1003.6,983.1,50,14,74,,,7.9,,,173.0,6,12,0,0,2,0
618,5901,192310,11.6,23.7,3.0,15.4,8.8,989.6,1003.5,974.1,81,18,82,,,8.6,,,115.0,2,11,0,0,0,0
619,5901,192311,5.3,14.5,-3.0,7.8,3.1,987.9,999.5,974.9,35,15,86,,,5.4,,,32.0,0,21,5,0,0,0
620,5901,192312,-0.4,7.8,-17.0,1.3,-2.4,988.8,1005.2,973.1,86,20,81,,,11.5,,,34.0,1,20,16,10,0,0
621,5901,192401,-2.4,5.3,-12.0,-0.6,-4.8,995.3,1009.9,978.3,22,12,77,,,9.7,,,36.0,1,21,30,16,0,0
622,5901,192402,-2.1,6.3,-10.3,0.1,-4.6,987.9,1006.0,970.3,33,12,75,,,12.6,,,66.0,5,13,25,18,0,0
623,5901,192403,3.3,16.0,-7.1,6.9,0.0,989.9,1006.7,972.7,26,9,73,,,8.3,,,115.0,5,12,17,1,0,0
624,5901,192404,8.5,21.9,-0.7,12.6,4.9,987.5,1009.7,971.7,70,15,70,,,10.4,,,116.0,0,13,2,0,0,0
625,5901,192405,15.8,26.4,6.0,19.9,11.8,991.8,1001.6,979.9,85,16,72,,,7.9,,,235.0,5,9,0,0,4,0
626,5901,192406,16.9,26.5,8.0,20.5,13.3,991.0,1000.8,966.1,108,15,72,,,9.7,,,209.0,6,12,0,0,4,0
627,5901,192407,19.0,28.2,10.9,23.2,14.8,990.3,998.9,975.7,42,12,67,,,10.1,,,259.0,4,9,0,0,7,0
628,5901,192408,16.6,25.7,8.8,20.3,13.2,990.0,1000.5,959.6,49,18,73,,,10.1,,,189.0,2,11,0,0,2,0
629,5901,192409,15.4,24.6,8.1,19.4,12.4,991.7,1000.3,980.4,50,12,80,,,7.6,,,162.0,6,7,0,0,0,0
630,5901,192410,10.0,20.4,0.0,13.8,6.3,995.6,1008.4,983.9,23,10,80,,,7.9,,,138.0,7,9,0,0,0,0
631,5901,192411,3.2,19.9,-6.7,5.5,0.8,998.2,1008.0,971.9,15,13,80,,,10.4,,,80.0,4,15,15,2,0,0
632,5901,192412,0.1,10.0,-6.3,1.7,-1.7,1000.5,1011.2,961.9,13,10,89,,,5.0,,,34.0,2,23,22,12,0,0
633,5901,192501,1.8,14.4,-6.8,4.2,-0.9,1005.9,1019.2,990.7,7,5,79,,,10.4,,,55.0,3,17,17,6,0,0
634,5901,192502,4.4,17.1,-4.0,8.0,1.0,989.6,1006.9,977.6,24,7,76,,,9.7,,,65.0,3,10,11,0,0,0
635,5901,192503,3.2,15.9,-9.0,6.9,0.0,990.7,1005.3,970.9,18,13,69,,,11.9,,,111.0,2,15,12,2,0,0
636,5901,192504,10.1,20.3,0.0,15.1,5.3,987.8,997.2,975.5,61,12,66,,,8.3,,,171.0,8,9,0,0,0,0
637,5901,192505,15.5,25.8,5.3,19.8,11.3,988.4,1001.1,980.8,78,10,69,,,7.9,,,215.0,2,6,0,0,2,0
638,5901,192506,16.4,28.3,9.3,20.4,12.6,990.6,1000.8,980.8,130,15,63,,,10.4,,,196.0,3,9,0,0,4,0
639,5901,192507,19.1,28.1,11.5,23.3,15.2,990.4,998.4,981.7,90,13,70,,,7.9,,,250.0,1,8,0,0,9,0
640,5901,192508,18.1,27.8,11.0,22.1,14.6,990.3,998.7,978.1,87,15,75,,,10.4,,,207.0,4,8,0,0,8,0
641,5901,192509,13.3,25.0,3.6,17.3,10.6,992.2,1001.5,980.3,34,17,74,,,8.6,,,146.0,0,7,0,0,1,0
642,5901,192510,9.5,20.8,0.6,13.3,6.1,992.5,1005.1,972.8,35,14,80,,,7.9,,,132.0,7,11,0,0,0,0
643,5901,192511,4.2,20.0,-4.8,6.2,2.4,989.3,1009.3,960.8,108,13,82,,,7.6,,,43.0,0,20,9,2,0,0
644,5901,192512,-0.1,17.0,-12.8,2.4,-3.2,989.3,1014.9,965.7,31,12,76,,,11.5,,,67.0,3,11,20,11,0,0
645,5901,192601,-0.7,10.6,-13.6,2.2,-3.6,994.0,1006.1,982.7,27,15,81,,,7.2,,,56.0,1,17,22,10,0,0
646,5901,192602,4.5,12.0,-2.6,7.0,2.2,993.3,1011.7,972.4,52,13,85,,,7.2,,,65.0,0,16,7,0,0,0
647,5901,192603,5.0,19.1,-2.9,8.4,1.9,991.7,1006.9,975.3,49,17,72,,,12.6,,,119.0,1,10,9,0,0,0
648,5901,192604,11.1,23.0,-0.8,16.1,6.0,990.5,1008.9,974.5,31,7,64,,,10.8,,,231.0,9,6,2,0,0,0
649,5901,192605,13.3,24.2,1.8,17.3,9.4,986.9,995.1,977.1,118,16,71,,,11.2,,,199.0,1,13,0,0,0,0
650,5901,192606,15.5,24.2,9.4,19.5,12.0,988.2,1000.8,976.8,146,20,75,,,16.2,,,162.0,0,11,0,0,0,0
651,5901,192607,18.4,26.6,10.3,22.1,15.3,989.7,997.1,983.2,108,21,78,,,11.5,,,203.0,1,8,0,0,7,0
652,5901,192608,17.5,28.0,9.0,21.9,13.3,994.7,1002.1,988.5,31,11,71,,,9.7,,,265.0,6,5,0,0,7,0
653,5901,192609,15.7,25.7,4.5,20.2,11.8,996.3,1003.5,987.7,27,8,74,,,7.6,,,205.0,8,7,0,0,4,0
654,5901,192610,10.0,22.0,-1.4,14.1,6.4,989.8,1007.3,968.8,43,10,79,,,8.3,,,120.0,2,12,1,0,0,0
655,5901,192611,9.2,20.2,-1.0,12.1,6.6,989.7,1005.9,969.3,14,3,81,,,10.1,,,73.0,2,15,2,0,0,0
656,5901,192612,1.2,6.7,-10.6,2.5,-0.4,994.7,1012.9,976.1,60,21,80,,,18.7,,,39.0,1,20,11,5,0,0
657,5901,192701,1.9,8.7,-3.5,3.8,0.3,990.7,1006.9,976.1,65,19,84,,,12.2,,,47.0,0,16,16,1,0,0
658,5901,192702,0.8,15.0,-11.0,4.2,-2.7,997.6,1010.1,984.8,7,6,69,,,12.2,,,115.0,4,8,24,3,0,0
659,5901,192703,7.4,19.9,-1.0,12.1,3.3,988.5,1007.3,971.9,46,9,70,,,11.2,,,134.0,4,9,3,0,0,0
660,5901,192704,9.8,25.0,1.9,14.0,6.2,988.5,1000.8,974.3,84,21,68,,,15.1,,,169.0,0,11,0,0,1,0
661,5901,192705,13.2,24.6,1.8,17.6,8.8,991.8,999.3,982.5,30,16,71,,,10.8,,,229.0,4,7,0,0,0,0
662,5901,192706,17.9,31.3,8.8,23.3,13.1,990.8,1002.3,982.8,77,14,69,,,11.9,,,278.0,2,3,0,0,11,1
663,5901,192707,19.8,29.4,12.3,24.5,15.5,989.3,999.1,973.1,72,12,67,,,12.2,,,287.0,3,1,0,0,14,0
664,5901,192708,19.2,29.0,10.4,23.5,14.9,991.5,1001.2,981.1,66,12,70,,,13.0,,,248.0,7,4,0,0,10,0
665,5901,192709,15.7,24.9,7.6,20.0,12.2,989.6,999.7,972.1,51,9,75,,,9.7,,,169.0,5,10,0,0,0,0
666,5901,192710,9.7,20.7,3.0,14.0,5.8,995.4,1008.7,975.9,24,9,73,,,10.8,,,163.0,3,5,0,0,0,0
667,5901,192711,4.6,19.9,-2.1,7.1,2.4,994.0,1013.1,966.0,36,10,85,,,10.4,,,54.0,1,18,11,0,0,0
668,5901,192712,-3.2,6.9,-20.7,-1.4,-5.2,992.3,1005.3,974.0,31,13,83,,,11.5,,,41.0,2,23,27,16,0,0
669,5901,192801,0.9,9.7,-10.0,3.2,-1.5,996.2,1012.4,978.8,19,16,83,,,9.7,,,46.0,1,21,19,4,0,0
670,5901,192802,2.3,13.0,-7.6,5.2,-0.7,998.6,1015.5,970.0,58,12,71,,,14.4,,,103.0,6,12,14,2,0,0
671,5901,192803,2.8,19.5,-6.8,6.1,-0.6,992.9,1011.9,970.8,30,12,74,,,13.0,,,127.0,4,13,16,0,0,0
672,5901,192804,10.1,22.9,-0.3,14.4,6.0,986.2,1003.6,969.9,40,11,69,,,13.0,,,131.0,0,13,1,0,0,0
673,5901,192805,11.7,22.8,0.8,16.0,7.8,986.6,995.3,969.6,92,16,68,,,11.9,,,244.0,2,7,0,0,0,0
674,5901,192806,16.7,28.9,3.2,21.5,12.0,992.1,1004.3,982.5,62,18,66,,,12.2,,,274.0,5,4,0,0,6,0
675,5901,192807,21.8,33.0,10.0,27.2,16.2,994.4,1002.3,983.1,26,11,59,,,9.4,,,341.0,12,2,0,0,22,9
676,5901,192808,19.6,32.3,11.1,25.0,15.1,992.1,999.3,984.0,56,14,65,,,9.0,,,259.0,5,3,0,0,15,1
677,5901,192809,15.0,29.2,2.3,19.2,10.9,994.7,1001.6,980.3,76,10,74,,,7.9,,,169.0,6,5,0,0,5,0
678,5901,192810,10.1,20.8,-2.0,14.1,6.6,993.3,1005.3,976.5,15,13,79,,,11.2,,,123.0,3,11,2,0,0,0
679,5901,192811,7.6,18.8,-0.7,10.0,5.4,987.3,1007.1,958.8,46,17,79,,,11.2,,,73.0,0,13,1,0,0,0
680,5901,192812,-0.1,7.5,-9.7,1.7,-2.0,993.7,1012.1,968.3,76,18,84,,,10.1,,,54.0,1,19,20,9,0,0
681,5901,192901,-4.6,3.0,-16.8,-2.2,-7.2,998.9,1020.5,969.9,55,14,77,,,11.2,,,67.0,4,15,31,24,0,0
682,5901,192902,-9.7,2.8,-26.0,-6.2,-13.5,996.5,1014.4,983.2,27,12,68,,,6.8,,,100.0,8,10,28,24,0,0
683,5901,192903,2.7,14.0,-16.1,6.3,-1.3,999.5,1014.3,979.9,9,7,69,,,12.2,,,204.0,8,7,16,4,0,0
684,5901,192904,6.4,22.2,-5.3,10.7,2.2,988.4,1009.6,971.7,35,15,67,,,13.3,,,166.0,3,6,6,0,0,0
685,5901,192905,15.1,25.1,6.0,19.0,11.1,990.4,997.5,983.1,77,15,72,,,11.2,,,202.0,4,10,0,0,2,0
686,5901,192906,17.3,27.1,9.0,21.6,13.1,992.0,1004.3,977.6,73,16,66,,,13.3,,,239.0,2,7,0,0,6,0
687,5901,192907,20.0,32.2,10.0,24.7,15.1,993.3,1004.3,984.5,74,10,63,,,11.2,,,289.0,8,8,0,0,15,5
688,5901,192908,19.5,29.3,11.7,24.0,15.2,992.9,999.1,980.8,30,9,71,,,9.4,,,254.0,10,5,0,0,15,0
689,5901,192909,16.6,29.7,5.4,21.7,11.8,996.0,1009.9,979.3,15,7,60,,,10.8,,,258.0,10,0,0,0,8,0
690,5901,192910,11.2,25.3,-0.7,15.3,7.6,989.6,1005.6,974.1,41,14,76,,,10.8,,,134.0,4,8,1,0,1,0
691,5901,192911,6.3,11.0,-0.2,8.3,4.4,992.3,1006.9,972.9,48,17,86,,,9.0,,,51.0,0,17,2,0,0,0
692,5901,192912,2.8,12.9,-5.6,4.8,0.7,993.5,1010.0,975.2,48,20,84,,,11.2,,,44.0,0,18,13,7,0,0
693,5901,193001,0.4,9.2,-4.6,2.0,-1.3,994.7,1014.3,976.1,9,7,86,,,9.4,,,44.0,1,23,24,10,0,0
694,5901,193002,-0.3,7.2,-11.0,2.1,-3.0,995.3,1011.5,968.1,47,8,80,,,9.0,,,121.0,6,8,21,6,0,0
695,5901,193003,6.5,18.6,-2.0,10.2,3.3,988.6,1006.7,969.2,58,14,72,,,10.8,,,127.0,2,12,3,0,0,0
696,5901,193004,10.5,23.6,0.6,14.5,6.7,983.0,995.2,963.9,63,15,72,,,10.8,,,166.0,3,13,0,0,0,0
697,5901,193005,14.1,26.0,4.8,18.6,9.3,989.5,1000.5,975.2,47,15,67,,,13.0,,,240.0,4,8,0,0,1,0
698,5901,193006,20.8,31.0,9.8,25.5,15.1,992.0,1002.5,981.5,22,5,57,,,9.0,,,339.0,8,2,0,0,18,2
699,5901,193007,19.4,31.6,11.6,24.5,14.8,988.1,1024.9,969.9,42,14,59,,,13.7,,,251.0,6,6,0,0,13,2
700,5901,193008,18.1,27.0,9.6,22.5,14.0,992.6,1005.1,978.9,109,14,68,,,10.4,,,253.0,6,8,0,0,9,0
701,5901,193009,15.7,26.3,7.8,19.4,12.5,992.2,1001.3,983.9,40,16,75,,,8.3,,,132.0,1,11,0,0,2,0
702,5901,193010,10.1,20.2,1.2,13.3,7.2,990.3,1011.5,969.1,212,19,79,,,15.1,,,116.0,5,13,0,0,0,0
703,5901,193011,6.9,18.2,-1.2,10.1,4.0,991.1,1010.1,968.0,64,18,77,,,10.8,,,91.0,0,10,2,0,0,0
704,5901,193012,0.5,10.8,-6.7,1.7,-0.8,993.9,1014.5,978.8,64,20,87,,,7.6,,,20.0,0,25,21,7,0,0
705,5901,193101,0.6,8.0,-10.6,2.5,-1.3,989.0,1004.7,968.3,19,13,76,,,11.5,,,65.0,2,14,17,7,0,0
706,5901,193102,-0.3,8.2,-12.0,1.7,-2.4,989.0,1005.5,967.2,58,19,82,,,11.5,,,32.0,0,21,20,8,0,0
707,5901,193103,1.5,16.7,-6.5,4.8,-1.8,990.1,1007.1,967.3,35,12,66,,,13.3,,,161.0,4,8,25,4,0,0
708,5901,193104,7.4,19.0,-3.3,11.9,3.2,988.7,998.8,975.6,39,11,61,,,10.1,,,207.0,5,7,6,0,0,0
709,5901,193105,17.9,28.5,5.2,22.6,12.5,989.1,999.1,977.2,11,8,58,,,11.2,,,316.0,8,4,0,0,11,0
710,5901,193106,19.5,30.9,9.9,24.8,14.6,992.9,1004.3,980.7,73,15,63,,,12.6,,,293.0,3,5,0,0,14,2
711,5901,193107,20.3,33.7,10.9,25.5,15.7,989.5,1001.9,978.4,76,13,61,,,13.3,,,298.0,3,5,0,0,16,5
712,5901,193108,17.6,29.3,10.2,21.7,14.6,989.1,998.7,979.1,107,21,73,,,13.7,,,194.0,2,8,0,0,8,0
713,5901,193109,11.6,24.4,2.5,14.9,9.0,992.3,1004.8,974.7,131,19,74,,,14.0,,,147.0,3,12,0,0,0,0
714,5901,193110,8.4,19.2,-0.5,12.6,4.8,995.2,1005.3,966.3,43,16,74,,,12.2,,,174.0,7,5,1,0,0,0
715,5901,193111,3.7,13.5,-6.0,5.7,1.9,996.1,1009.3,974.5,34,10,83,,,11.2,,,40.0,3,16,10,1,0,0
716,5901,193112,0.5,11.0,-10.6,2.6,-2.1,998.5,1016.7,969.9,34,15,71,,,13.7,,,58.0,2,16,17,9,0,0
717,5901,193201,0.7,11.9,-6.3,2.9,-1.1,1004.6,1022.3,972.8,35,9,79,,,13.7,,,58.0,1,19,23,11,0,0
718,5901,193202,-2.8,6.0,-14.5,0.0,-6.0,999.1,1013.5,986.7,22,12,62,,,15.8,,,126.0,4,8,24,14,0,0
719,5901,193203,1.1,13.0,-11.4,4.4,-2.2,992.6,1005.9,974.9,28,10,66,,,13.0,,,154.0,4,10,25,3,0,0
720,5901,193204,10.0,21.2,2.7,14.5,5.4,985.8,999.7,972.8,17,9,58,,,11.2,,,195.0,2,7,0,0,0,0
721,5901,193205,15.2,27.9,5.3,20.2,10.5,987.5,1000.7,974.3,71,11,65,,,14.0,,,242.0,4,6,0,0,4,0
722,5901,193206,16.9,26.7,8.0,21.4,12.3,991.1,1000.3,982.5,16,12,62,,,13.7,,,278.0,5,6,0,0,5,0
723,5901,193207,21.0,31.4,12.3,25.7,16.5,988.5,998.4,974.7,64,12,66,,,11.2,,,271.0,4,6,0,0,17,4
724,5901,193208,20.7,30.1,12.5,25.3,16.2,994.8,1002.8,986.8,44,8,67,,,10.4,,,282.0,10,2,0,0,18,1
725,5901,193209,18.7,27.5,8.9,23.6,14.0,992.1,1008.0,982.7,8,6,66,,,9.4,,,210.0,7,7,0,0,12,0
726,5901,193210,10.6,23.1,3.0,14.3,7.7,987.5,997.1,974.3,43,20,76,,,10.8,,,136.0,1,8,0,0,0,0
727,5901,193211,4.6,13.8,-3.9,6.3,2.9,997.7,1011.9,982.9,50,13,83,,,10.1,,,57.0,4,20,8,1,0,0
728,5901,193212,0.0,11.9,-6.0,1.1,-1.0,1002.3,1014.8,981.9,8,14,90,,,10.1,,,12.0,0,29,23,19,0,0
729,5901,193301,-3.6,3.8,-13.0,-2.2,-5.5,998.9,1008.5,980.8,28,16,84,,,11.2,,,23.0,0,25,28,22,0,0
730,5901,193302,1.5,14.0,-7.0,3.8,-0.8,991.2,1004.1,977.7,58,15,72,,,14.0,,,75.0,2,14,19,6,0,0
731,5901,193303,5.2,18.7,-6.7,9.4,1.1,994.9,1009.3,972.4,6,9,68,,,10.1,,,184.0,8,8,11,0,0,0
732,5901,193304,8.5,21.6,1.3,11.7,4.8,992.7,1004.4,982.3,33,11,56,,,11.5,,,156.0,1,10,0,0,0,0
733,5901,193305,13.7,25.1,7.1,17.6,10.1,988.8,998.3,979.7,82,15,64,,,14.4,,,238.0,0,9,0,0,1,0
734,5901,193306,16.0,25.0,8.7,20.6,12.3,986.1,998.3,972.7,39,19,63,,,14.0,,,259.0,1,5,0,0,1,0
735,5901,193307,19.8,32.3,11.0,24.5,15.6,994.0,1000.0,982.7,73,16,66,,,13.0,,,287.0,7,6,0,0,13,3
736,5901,193308,19.5,32.3,9.3,24.1,15.0,993.2,1002.3,979.7,65,13,63,,,11.5,,,286.0,4,3,0,0,13,3
737,5901,193309,14.6,24.3,5.5,18.7,10.9,993.6,1004.4,977.6,37,11,71,,,12.6,,,190.0,6,7,0,0,0,0
738,5901,193310,9.7,21.3,0.0,13.5,6.4,991.9,1005.2,965.9,72,16,80,,,10.1,,,116.0,5,11,0,0,0,0
739,5901,193311,3.9,12.9,-1.8,5.8,1.9,989.5,1003.3,972.7,52,16,82,,,10.1,,,46.0,0,20,4,0,0,0
740,5901,193312,-4.4,3.9,-15.3,-2.6,-6.2,994.7,1016.1,974.8,63,15,79,,,9.7,,,43.0,2,19,23,18,0,0
741,5901,193401,-0.5,9.2,-7.1,1.2,-2.4,1000.3,1016.1,984.8,35,15,84,,,9.0,,,53.0,2,19,23,9,0,0
742,5901,193402,1.5,12.9,-11.5,4.5,-1.2,999.5,1020.0,975.5,45,9,68,,,14.8,,,134.0,7,7,12,4,0,0
743,5901,193403,7.2,18.2,-1.6,11.6,3.3,984.7,996.4,967.5,16,8,71,,,8.3,,,146.0,2,11,5,0,0,0
744,5901,193404,12.6,26.1,-0.8,17.6,7.6,987.3,999.6,972.0,23,7,66,,,10.1,,,233.0,8,7,1,0,3,0
745,5901,193405,16.3,27.0,5.3,21.2,11.7,992.9,1003.7,979.9,56,13,62,,,10.1,,,268.0,6,5,0,0,5,0
746,5901,193406,17.8,30.8,9.4,22.7,13.5,990.3,1000.4,979.3,58,13,64,,,11.5,,,243.0,2,9,0,0,7,2
747,5901,193407,21.5,30.7,12.8,26.2,16.9,989.4,995.7,981.9,14,7,54,,,14.0,,,295.0,0,3,0,0,21,4
748,5901,193408,19.4,31.8,10.8,23.8,15.5,989.3,996.5,977.7,106,16,68,,,10.1,,,194.0,2,8,0,0,9,2
749,5901,193409,16.5,24.1,9.2,21.1,12.7,995.0,1003.3,975.6,39,8,76,,,8.3,,,241.0,12,4,0,0,0,0
750,5901,193410,10.1,22.3,0.6,13.3,7.5,993.9,1008.5,971.3,31,15,80,,,12.2,,,84.0,3,13,0,0,0,0
751,5901,193411,6.2,17.3,-2.5,9.2,3.8,994.1,1009.5,976.0,31,8,75,,,10.1,,,90.0,3,11,4,0,0,0
752,5901,193412,5.5,13.0,-1.2,7.4,3.9,989.4,1008.1,971.5,48,17,90,,,8.6,,,17.0,0,27,2,0,0,0
753,5901,193501,-2.3,7.2,-13.6,-0.1,-4.7,995.1,1012.0,967.6,36,16,75,,,12.2,,,46.0,2,18,27,14,0,0
754,5901,193502,1.6,12.8,-10.2,4.9,-1.8,985.2,1001.5,957.7,73,16,73,,,15.1,,,92.0,1,13,16,5,0,0
755,5901,193503,3.1,18.8,-11.3,7.2,-0.5,996.9,1019.2,966.7,49,13,70,,,11.9,,,163.0,7,9,14,3,0,0
756,5901,193504,9.3,24.2,-1.7,13.9,5.1,986.4,994.5,976.7,80,20,68,,,10.1,,,148.0,3,8,3,0,0,0
757,5901,193505,12.6,23.8,-0.2,17.5,7.7,991.0,1003.2,976.8,90,13,63,,,10.8,,,274.0,7,7,1,0,0,0
758,5901,193506,19.7,33.8,8.9,24.7,14.6,993.3,1001.9,982.3,19,6,61,,,11.5,,,331.0,7,1,0,0,13,3
759,5901,193507,20.1,29.9,10.5,25.2,15.7,992.9,999.1,983.2,46,15,56,,,12.6,,,280.0,6,1,0,0,18,0
760,5901,193508,18.6,30.3,9.7,23.5,14.4,991.6,1000.4,976.4,39,10,65,,,8.3,,,244.0,6,5,0,0,12,1
761,5901,193509,15.5,28.0,6.2,20.5,11.3,992.9,1000.9,982.5,23,7,67,,,10.1,,,227.0,7,1,0,0,3,0
762,5901,193510,11.3,23.7,3.0,15.2,8.4,989.0,1004.9,970.5,93,12,76,,,10.4,,,117.0,2,9,0,0,0,0
763,5901,193511,5.4,15.9,0.3,8.2,3.1,992.4,1002.8,980.9,26,11,82,,,11.9,,,72.0,1,14,0,0,0,0
764,5901,193512,0.8,9.2,-8.4,3.1,-1.1,984.6,1000.1,961.5,32,15,84,,,8.6,,,44.0,1,17,22,4,0,0
765,5901,193601,2.9,12.8,-4.3,5.5,0.4,985.9,998.5,971.9,40,13,84,,,8.3,,,66.0,2,14,14,0,0,0
766,5901,193602,1.6,11.8,-12.6,4.1,-0.7,984.7,1000.5,960.3,51,15,74,,,13.0,,,79.0,1,18,13,3,0,0
767,5901,193603,6.5,18.2,-1.3,10.5,2.8,989.3,1002.9,969.2,33,8,75,,,8.3,,,125.0,6,12,4,0,0,0
768,5901,193604,10.0,20.6,1.1,14.8,5.8,985.8,997.6,964.3,33,13,67,,,11.5,,,192.0,1,6,0,0,0,0
769,5901,193605,15.0,23.5,6.6,18.9,11.7,987.9,995.2,977.5,176,16,76,,,9.4,,,182.0,2,11,0,0,0,0
770,5901,193606,18.0,28.3,8.0,22.6,14.0,990.8,998.0,979.9,36,10,64,,,11.5,,,284.0,6,7,0,0,17,0
771,5901,193607,20.1,30.0,12.3,25.0,16.0,990.5,998.1,983.6,81,14,70,,,11.2,,,264.0,3,5,0,0,17,1
772,5901,193608,17.7,27.1,11.0,22.3,14.1,994.5,1003.6,982.9,49,9,69,,,11.2,,,235.0,7,5,0,0,5,0
773,5901,193609,14.7,27.0,3.5,19.2,10.9,993.7,1005.9,980.0,18,8,68,,,12.2,,,178.0,10,8,0,0,2,0
774,5901,193610,7.0,16.2,0.0,9.8,4.5,991.9,1000.3,980.9,165,21,75,,,16.6,,,68.0,0,16,0,0,0,0
775,5901,193611,4.0,14.0,-3.0,6.3,1.9,993.8,1008.7,975.1,19,9,83,,,8.6,,,48.0,1,20,9,6,0,0
776,5901,193612,1.3,12.0,-6.2,3.3,-0.2,999.9,1013.5,976.1,19,9,84,,,10.8,,,57.0,0,17,10,3,0,0
777,5901,193701,-2.7,12.3,-12.8,-0.3,-4.9,996.3,1011.9,961.7,27,16,79,,,12.2,,,45.0,1,15,28,18,0,0
778,5901,193702,2.2,14.7,-5.3,4.8,-0.1,984.8,1001.2,964.5,44,18,78,,,11.2,,,55.0,0,13,15,2,0,0
779,5901,193703,5.9,22.6,-1.6,10.2,2.6,982.5,999.7,966.9,108,16,74,,,11.9,,,95.0,1,15,2,0,0,0
780,5901,193704,9.5,17.5,4.2,12.8,6.9,987.2,996.3,974.8,64,22,73,,,11.9,,,103.0,0,17,0,0,0,0
781,5901,193705,16.9,27.1,5.0,21.9,11.9,993.2,1002.3,982.3,12,4,64,,,10.4,,,264.0,4,3,0,0,4,0
782,5901,193706,19.1,30.0,8.9,23.7,15.0,992.1,998.9,982.5,78,15,67,,,11.9,,,229.0,4,8,0,0,14,1
783,5901,193707,19.5,28.8,11.3,24.1,15.4,991.0,998.5,984.5,106,15,67,,,10.8,,,266.0,2,3,0,0,16,0
784,5901,193708,18.7,28.7,12.9,22.9,15.6,990.6,994.7,981.7,116,16,73,,,10.8,,,213.0,3,11,0,0,9,0
785,5901,193709,14.8,26.1,6.9,19.4,11.6,991.0,1002.8,977.5,131,16,80,,,9.0,,,167.0,6,6,0,0,1,0
786,5901,193710,10.9,19.1,2.6,14.4,8.3,994.0,1009.1,973.6,28,11,81,,,11.2,,,125.0,4,12,0,0,0,0
787,5901,193711,4.8,11.9,-0.3,6.7,3.3,991.9,1003.3,979.7,51,20,82,,,10.4,,,33.0,0,22,3,0,0,0
788,5901,193712,0.4,11.3,-9.6,2.5,-1.5,989.0,1010.5,968.1,61,19,82,,,9.4,,,38.0,1,17,16,7,0,0
789,5901,193801,1.0,11.4,-13.0,3.7,-1.5,990.6,1009.1,967.5,52,20,77,,,13.0,,,63.0,0,16,14,9,0,0
790,5901,193802,1.8,11.3,-4.8,5.3,-1.0,999.3,1012.4,975.6,16,12,72,,,10.1,,,136.0,8,8,17,0,0,0
791,5901,193803,9.0,20.9,-2.6,13.6,5.0,998.3,1012.4,979.7,56,14,58,,,14.0,,,185.0,5,5,3,0,0,0
792,5901,193804,6.8,22.9,-2.0,10.8,3.6,992.5,1007.3,977.2,36,15,63,,,14.0,,,165.0,0,6,4,0,0,0
793,5901,193805,12.9,26.4,1.8,17.4,8.3,989.9,1002.5,980.7,89,15,63,,,13.0,,,240.0,9,10,0,0,1,0
794,5901,193806,19.2,31.0,8.7,24.2,14.3,993.6,1001.3,984.1,30,11,66,,,12.2,,,265.0,6,7,0,0,14,4
795,5901,193807,19.6,30.3,11.0,24.6,15.3,992.0,1001.1,980.1,56,14,68,,,11.9,,,247.0,4,7,0,0,14,3
796,5901,193808,19.1,30.2,10.2,23.5,15.6,988.5,998.1,977.5,242,17,75,,,11.5,,,190.0,3,9,0,0,14,1
797,5901,193809,14.3,23.5,5.3,18.9,10.4,994.5,1001.5,983.5,58,8,79,,,9.4,,,206.0,13,7,0,0,0,0
798,5901,193810,10.7,23.0,2.6,14.4,8.1,993.0,1020.4,979.6,20,10,78,,,11.5,,,134.0,2,9,0,0,0,0
799,5901,193811,6.8,16.7,-0.6,9.1,4.6,995.0,1009.6,964.9,44,13,83,,,10.4,,,52.0,4,18,1,0,0,0
800,5901,193812,-1.6,8.9,-15.3,0.4,-3.8,992.3,1007.9,978.7,37,17,83,,,11.2,,,31.0,1,21,19,13,0,0
801,5901,193901,1.3,8.3,-9.2,3.4,-1.4,987.9,1004.7,968.8,34,13,85,,,10.1,,,49.0,0,19,15,2,0,0
802,5901,193902,3.2,11.1,-6.7,6.2,0.1,997.3,1007.3,986.1,14,6,67,,,13.0,,,110.0,4,10,15,0,0,0
803,5901,193903,2.5,11.2,-5.0,5.3,-0.1,987.9,1004.9,973.1,75,20,72,,,14.0,,,115.0,1,12,15,0,0,0
804,5901,193904,12.6,23.7,2.8,17.6,7.5,989.8,1002.9,978.0,11,7,60,,,11.2,,,199.0,5,5,0,0,0,0
805,5901,193905,13.0,23.2,5.8,16.9,9.5,987.1,997.6,976.3,135,19,73,,,13.7,,,147.0,1,14,0,0,0,0
806,5901,193906,18.0,28.2,8.8,22.4,13.7,990.9,1003.7,976.0,46,10,67,,,10.1,,,252.0,5,8,0,0,7,0
807,5901,193907,19.7,32.9,9.2,24.9,14.4,991.7,1002.0,980.3,83,12,63,,,11.9,,,298.0,6,4,0,0,17,3
808,5901,193908,19.3,31.1,12.0,24.2,14.6,992.6,998.0,984.4,60,9,70,,,7.6,,,261.0,3,2,0,0,12,2
809,5901,193909,14.6,25.9,-0.1,18.9,10.7,992.3,1001.5,982.4,45,11,74,,,8.3,,,198.0,5,3,1,0,3,0
810,5901,193910,8.0,19.1,0.0,10.6,5.5,988.5,998.0,974.7,99,18,82,,,12.6,,,49.0,1,16,0,0,0,0
811,5901,193911,5.5,14.0,-3.1,7.5,3.2,994.0,1007.7,976.0,66,20,85,,,15.8,,,27.0,0,21,7,0,0,0
812,5901,193912,-0.6,14.3,-15.3,1.6,-3.0,992.9,1006.8,972.4,55,13,81,,,15.1,,,73.0,4,14,22,10,0,0
813,5901,194001,-8.3,0.1,-20.6,-6.0,-11.2,995.0,1018.0,974.8,36,15,77,,,11.9,,,76.0,6,11,31,28,0,0
814,5901,194002,-6.3,6.6,-17.5,-3.5,-9.4,992.5,1012.4,981.1,28,17,80,,,11.5,,,74.0,3,13,29,20,0,0
815,5901,194003,2.4,16.2,-7.0,6.0,-0.7,990.4,1009.1,966.4,42,19,73,,,16.9,,,121.0,0,10,16,4,0,0
816,5901,194004,9.8,25.1,-2.0,14.2,5.3,990.0,1006.3,977.6,20,12,62,,,13.3,,,204.0,6,8,7,0,1,0
817,5901,194005,12.7,25.6,4.5,15.9,9.3,988.8,996.1,979.6,180,19,74,,,14.4,,,151.0,1,14,0,0,1,0
818,5901,194006,18.0,25.7,11.2,21.6,14.2,990.3,998.9,975.6,99,17,67,,,16.9,,,251.0,3,4,0,0,2,0
819,5901,194007,18.3,28.8,10.2,22.7,14.3,991.0,998.4,980.4,62,18,72,,,14.8,,,244.0,1,4,0,0,9,0
820,5901,194008,16.2,27.8,9.2,20.0,12.8,994.2,1004.9,974.3,78,17,73,,,13.3,,,190.0,1,6,0,0,2,0
821,5901,194009,14.6,26.1,6.7,18.6,11.2,992.6,1003.7,971.2,30,20,80,,,10.8,,,141.0,3,8,0,0,1,0
822,5901,194010,9.2,22.6,-0.6,12.1,6.7,991.7,1000.7,972.5,43,10,82,,,12.6,,,88.0,4,15,1,0,0,0
823,5901,194011,6.6,19.6,-0.1,9.6,3.8,990.6,1012.1,971.1,36,9,77,,,12.6,,,70.0,3,12,1,0,0,0
824,5901,194012,-2.9,8.3,-13.7,-0.7,-5.2,995.3,1019.2,960.5,12,10,71,,,16.6,,,73.0,4,11,24,16,0,0
825,5901,194101,-4.2,7.9,-12.3,-2.0,-6.6,987.5,1003.6,966.0,52,18,78,,,12.6,,,46.0,0,21,29,22,0,0
826,5901,194102,0.6,9.1,-9.8,3.2,-2.3,983.2,1005.2,962.4,89,15,81,,,11.5,,,85.0,0,9,20,5,0,0
827,5901,194103,5.2,16.6,-6.3,8.6,1.9,989.5,1005.1,974.7,103,17,71,,,14.8,,,117.0,2,8,7,0,0,0
828,5901,194104,8.0,20.2,-1.8,11.5,4.5,988.1,998.7,972.0,113,17,71,,,12.6,,,112.0,1,13,5,0,0,0
829,5901,194105,11.7,24.4,0.8,15.6,7.8,987.9,999.3,976.1,76,13,65,,,18.4,,,222.0,0,7,0,0,0,0
830,5901,194106,17.3,27.8,8.9,21.7,12.9,992.7,1001.7,977.9,56,14,68,,,14.0,,,257.0,3,6,0,0,7,0
831,5901,194107,18.5,27.5,11.8,22.6,14.9,992.0,1002.7,983.5,204,19,74,,,11.9,,,237.0,2,7,0,0,8,0
832,5901,194108,17.4,27.1,9.2,22.1,13.4,990.0,998.7,983.5,54,22,73,,,13.3,,,246.0,5,5,0,0,8,0
833,5901,194109,13.1,25.5,4.9,16.9,9.9,997.7,1006.5,987.1,42,11,73,,,15.8,,,194.0,7,4,0,0,1,0
834,5901,194110,8.9,21.4,-1.9,12.4,6.3,993.3,1006.5,973.6,101,20,78,,,14.4,,,108.0,4,12,2,0,0,0
835,5901,194111,1.2,8.1,-6.7,2.8,-0.4,997.1,1012.4,979.3,81,17,84,,,15.1,,,44.0,0,23,15,5,0,0
836,5901,194112,2.0,15.3,-11.0,4.4,-0.7,996.3,1011.7,972.9,17,15,68,,,22.0,,,81.0,3,11,14,6,0,0
837,5901,194201,-9.1,4.0,-21.9,-6.8,-11.5,992.5,1006.9,967.7,37,21,78,,,11.9,,,48.0,0,16,29,25,0,0
838,5901,194202,-3.8,5.1,-13.9,-1.9,-6.1,991.2,1006.8,972.1,37,14,80,,,11.2,,,33.0,1,21,24,21,0,0
839,5901,194203,1.9,13.9,-8.9,5.0,-1.0,993.9,1005.5,981.6,16,10,76,,,11.2,,,94.0,2,16,20,4,0,0
840,5901,194204,8.4,17.6,1.8,11.8,5.3,992.0,1001.1,984.0,91,20,69,,,15.5,,,100.0,0,15,0,0,0,0
841,5901,194205,14.8,27.7,1.9,19.1,10.6,990.5,1004.0,977.6,95,15,66,,,15.5,,,216.0,4,6,0,0,2,0
842,5901,194206,16.8,26.0,8.2,21.3,12.8,993.4,1006.8,981.1,104,13,67,,,16.2,,,260.0,6,7,0,0,4,0
843,5901,194207,18.3,30.2,11.7,22.8,14.3,992.2,998.7,982.9,45,19,69,,,14.4,,,233.0,4,6,0,0,8,1
844,5901,194208,19.3,29.0,9.9,24.3,14.2,994.1,1000.9,985.3,35,8,68,,,9.7,,,295.0,13,2,0,0,16,0
845,5901,194209,18.4,30.7,8.5,23.1,13.9,993.0,1004.9,978.3,14,6,67,,,10.8,,,214.0,6,2,0,0,7,1
846,5901,194210,12.1,24.9,3.6,16.4,8.4,993.6,1003.9,980.5,58,11,76,,,13.7,,,177.0,7,8,0,0,0,0
847,5901,194211,3.7,16.0,-6.7,5.7,2.0,995.6,1009.3,982.8,39,17,79,,,16.2,,,44.0,3,16,8,2,0,0
848,5901,194212,2.0,11.4,-6.5,4.1,0.0,997.5,1010.7,984.0,6,10,84,,,9.4,,,80.0,6,15,16,2,0,0
849,5901,194301,-3.6,6.4,-13.2,-1.4,-6.2,992.4,1010.3,969.2,30,15,80,,,13.0,,,48.0,2,18,30,18,0,0
850,5901,194302,3.7,14.3,-4.5,7.2,0.3,999.1,1012.5,983.3,24,8,70,,,16.2,,,129.0,11,7,13,0,0,0
851,5901,194303,6.5,17.3,-2.8,11.3,1.8,997.0,1012.8,987.7,43,6,56,,,14.4,,,228.0,12,5,10,0,0,0
852,5901,194304,11.2,24.7,0.9,15.6,7.0,994.9,1006.4,974.3,65,15,62,,,15.5,,,205.0,4,7,0,0,0,0
853,5901,194305,13.7,23.8,2.7,18.2,8.8,994.6,1010.8,974.9,30,13,58,,,15.5,,,274.0,8,8,0,0,0,0
854,5901,194306,16.2,26.2,6.9,20.0,12.4,994.4,1003.2,984.4,85,23,70,,,13.3,,,205.0,3,10,0,0,2,0
855,5901,194307,19.3,28.6,10.7,23.9,14.7,991.1,999.7,982.0,132,16,66,,,11.2,,,287.0,6,4,0,0,14,0
856,5901,194308,20.7,34.0,10.5,25.9,15.8,992.7,1003.2,985.6,25,13,62,,,12.6,,,281.0,9,1,0,0,16,5
857,5901,194309,16.4,28.1,6.3,21.1,12.4,993.3,1002.7,977.1,30,12,73,,,11.2,,,192.0,3,7,0,0,3,0
858,5901,194310,11.3,21.0,1.1,15.4,7.8,996.3,1006.9,987.5,3,8,80,,,8.3,,,160.0,11,6,0,0,0,0
859,5901,194311,3.9,12.3,-2.0,6.5,1.3,992.0,1009.2,965.1,57,12,76,,,12.2,,,76.0,2,14,7,0,0,0
860,5901,194312,0.7,5.6,-5.4,1.9,-0.6,998.8,1010.9,987.9,45,17,86,,,12.6,,,27.0,0,22,20,6,0,0
861,5901,194401,3.7,11.3,-4.4,5.7,1.3,998.0,1013.5,980.3,53,15,73,,,19.8,,,60.0,0,12,13,1,0,0
862,5901,194402,-0.6,13.5,-11.4,1.6,-2.7,987.7,1003.7,966.5,46,17,75,,,16.2,,,64.0,1,19,23,13,0,0
863,5901,194403,1.8,9.3,-2.5,4.0,-0.1,988.4,1004.8,967.7,88,24,73,,,18.0,,,55.0,0,18,13,0,0,0
864,5901,194404,10.3,24.4,-2.2,14.3,6.1,993.4,1006.1,979.9,20,14,62,,,12.6,,,166.0,4,9,2,0,0,0
865,5901,194405,13.0,29.3,2.3,17.1,8.7,993.9,1008.9,972.8,89,17,68,,,11.9,,,198.0,3,14,0,0,2,0
866,5901,194406,16.6,25.9,9.1,20.6,13.1,989.3,1000.8,979.7,155,15,68,,,11.9,,,201.0,5,11,0,0,3,0
867,5901,194407,18.9,28.9,13.0,23.1,15.1,990.0,997.1,975.9,75,17,71,,,15.5,,,251.0,2,4,0,0,9,0
868,5901,194408,21.0,29.1,12.0,25.5,16.4,993.5,1002.4,986.4,36,7,66,,,9.4,,,310.0,16,2,0,0,19,0
869,5901,194409,15.0,26.3,7.7,19.5,11.1,996.1,1007.1,983.9,22,8,67,,,13.7,,,206.0,8,7,0,0,2,0
870,5901,194410,10.5,18.9,3.1,13.3,8.0,988.5,999.7,976.7,157,19,84,,,12.2,,,83.0,1,12,0,0,0,0
871,5901,194411,4.4,12.6,-2.0,6.6,2.2,988.4,1006.4,970.3,115,17,80,,,12.6,,,49.0,1,17,6,0,0,0
872,5901,194412,-0.4,9.5,-9.9,1.4,-2.3,995.3,1012.7,967.7,51,20,83,,,11.2,,,39.0,4,19,18,12,0,0
873,5901,194501,-4.6,1.1,-15.5,-2.5,-7.4,988.5,1006.8,971.9,50,14,77,,,12.6,,,47.0,1,17,31,27,0,0
874,5901,194502,3.2,14.1,-5.5,5.5,1.0,1000.0,1017.2,976.0,61,19,77,,,14.4,,,100.0,1,11,11,1,0,0
875,5901,194503,6.9,18.9,-3.3,10.4,3.7,998.6,1007.3,989.3,33,16,66,,,16.2,,,139.0,4,5,7,0,0,0
876,5901,194504,10.9,22.3,1.3,15.5,6.8,992.7,1007.3,974.9,54,12,61,,,15.1,,,195.0,3,5,0,0,0,0
877,5901,194505,16.1,29.5,1.4,20.9,10.9,990.4,1000.9,980.3,45,16,66,,,13.0,,,255.0,8,5,0,0,11,0
878,5901,194506,19.2,29.9,8.6,23.9,14.4,994.7,1005.1,982.9,50,15,62,,,13.0,,,264.0,3,5,0,0,14,0
879,5901,194507,21.1,35.5,10.9,25.8,16.4,992.0,1002.7,982.7,53,12,60,,,16.2,,,288.0,3,4,0,0,17,6
880,5901,194508,19.4,29.2,12.4,23.8,15.3,987.8,998.4,974.5,40,12,62,,,15.8,,,221.0,2,0,0,0,12,0
881,5901,194509,15.5,26.3,8.4,19.8,11.9,994.8,1004.5,982.9,51,11,66,,,11.9,,,190.0,6,7,0,0,2,0
882,5901,194510,10.3,20.2,2.8,13.6,7.5,995.9,1005.1,980.3,71,13,75,,,14.0,,,134.0,1,11,0,0,0,0
883,5901,194511,4.6,19.2,-2.2,6.4,3.0,993.9,1005.3,970.9,94,17,81,,,14.0,,,57.0,1,17,7,0,0,0
884,5901,194512,1.9,9.8,-8.8,4.0,-0.2,989.4,1001.3,976.7,28,15,79,,,13.3,,,45.0,1,20,11,4,0,0
885,5901,194601,-3.4,13.2,-10.3,-1.0,-5.9,1001.9,1015.6,978.1,38,10,79,,,15.1,,,58.0,0,14,28,24,0,0
886,5901,194602,3.2,13.6,-2.9,5.8,0.7,988.1,1006.7,966.1,78,20,71,,,23.8,,,74.0,1,17,10,1,0,0
887,5901,194603,6.1,18.2,-2.9,10.0,2.2,991.5,1008.0,975.2,24,9,67,,,11.5,,,157.0,6,10,8,0,0,0
888,5901,194604,13.0,24.6,2.6,18.5,6.6,993.0,1004.8,977.2,2,3,49,,,10.4,,,306.0,13,3,0,0,0,0
889,5901,194605,17.3,26.6,3.7,22.3,12.1,987.9,997.7,972.4,44,12,62,,,10.8,,,274.0,6,5,0,0,7,0
890,5901,194606,18.5,30.1,9.9,23.2,13.8,992.0,1001.1,976.0,59,15,65,,,13.0,,,247.0,3,8,0,0,10,2
891,5901,194607,21.3,32.0,13.4,25.7,16.6,993.3,1001.9,984.3,122,11,63,,,13.0,,,298.0,8,6,0,0,16,6
892,5901,194608,19.7,31.2,11.2,24.3,15.3,990.3,1000.0,983.2,55,14,67,,,11.9,,,249.0,6,4,0,0,16,3
893,5901,194609,16.8,27.1,7.6,21.4,12.2,994.4,1004.1,986.1,16,8,68,,,11.5,,,234.0,9,4,0,0,3,0
894,5901,194610,7.1,19.6,-3.1,10.4,4.1,994.3,1011.5,980.3,55,15,72,,,12.6,,,134.0,7,12,4,0,0,0
895,5901,194611,4.1,11.9,-4.2,6.2,2.0,991.5,1009.6,965.1,56,15,84,,,10.4,,,49.0,3,17,8,0,0,0
896,5901,194612,-1.5,9.8,-11.5,0.4,-3.4,994.4,1011.3,975.2,75,13,80,,,8.6,,,58.0,6,18,18,15,0,0
897,5901,194701,-5.7,7.0,-17.3,-3.6,-8.1,995.8,1008.1,980.3,34,19,76,,,10.8,,,63.0,4,13,30,23,0,0
898,5901,194702,-5.0,4.5,-15.0,-2.9,-7.6,985.6,997.7,966.3,73,20,80,,,10.8,,,12.0,0,24,28,22,0,0
899,5901,194703,4.3,17.5,-9.6,7.6,1.0,985.7,1005.9,970.1,30,12,74,,,11.5,,,112.0,2,13,14,1,0,0
900,5901,194704,12.2,27.0,-0.1,17.5,7.1,996.2,1011.5,975.3,34,11,58,,,11.5,,,220.0,5,4,1,0,1,0
901,5901,194705,16.1,25.8,5.3,20.1,11.3,993.5,1000.8,985.6,31,7,60,,,10.8,,,233.0,7,9,0,0,2,0
902,5901,194706,19.6,31.3,9.6,24.3,14.8,991.9,998.7,982.1,29,11,61,,,11.5,,,268.0,4,6,0,0,16,5
903,5901,194707,21.6,31.9,12.9,26.3,16.8,991.7,999.9,977.6,68,12,61,,,10.1,,,287.0,5,1,0,0,20,5
904,5901,194708,19.8,34.2,9.5,24.4,15.3,992.7,998.8,982.1,45,10,59,,,10.4,,,266.0,7,1,0,0,14,2
905,5901,194709,18.8,29.6,9.2,24.4,13.7,994.8,1003.3,987.6,10,6,58,,,9.7,,,252.0,13,2,0,0,14,0
906,5901,194710,8.3,22.6,-2.2,12.6,4.5,999.0,1010.5,986.8,7,4,64,,,9.4,,,186.0,11,9,5,0,0,0
907,5901,194711,7.4,17.1,-0.6,9.9,4.9,989.4,1007.9,972.8,86,19,73,,,17.3,,,64.0,1,10,3,0,0,0
908,5901,194712,2.6,16.5,-9.3,4.7,0.5,987.9,1005.7,967.2,120,18,77,,,13.3,,,31.0,0,22,10,4,0,0
909,5901,194801,3.0,16.7,-6.4,6.2,0.3,983.7,998.7,966.7,93,19,83,,,10.4,,,45.0,0,16,12,1,0,0
910,5901,194802,0.8,15.1,-12.8,3.3,-1.8,996.4,1012.0,981.3,110,21,73,,,15.5,,,89.0,5,15,15,12,0,0
911,5901,194803,6.8,17.5,-6.5,11.0,2.4,1002.8,1016.1,984.9,39,13,60,,,12.6,,,204.0,10,6,5,1,0,0
912,5901,194804,12.1,22.7,2.4,16.6,7.4,989.9,1005.3,972.8,16,13,58,,,12.2,,,211.0,6,6,0,0,0,0
913,5901,194805,17.0,27.2,5.8,21.8,12.1,989.4,998.0,980.4,26,13,59,,,11.5,,,284.0,1,2,0,0,3,0
914,5901,194806,17.4,28.3,6.9,21.7,13.3,989.9,996.0,981.5,62,15,63,,,15.1,,,236.0,3,8,0,0,8,0
915,5901,194807,17.9,30.0,9.3,21.9,14.2,991.6,1001.6,981.1,87,17,70,,,14.0,,,229.0,3,10,0,0,11,1
916,5901,194808,19.1,31.5,10.2,23.5,15.2,990.8,1002.0,977.6,77,15,69,,,10.8,,,245.0,7,3,0,0,11,1
917,5901,194809,16.1,26.9,6.3,20.6,12.3,993.9,1002.0,982.3,45,8,72,,,11.5,,,216.0,9,3,0,0,5,0
918,5901,194810,10.4,23.9,-0.5,13.4,7.4,995.7,1008.8,979.7,51,14,75,,,10.1,,,95.0,3,11,1,0,0,0
919,5901,194811,4.5,17.0,-3.1,7.1,2.2,1001.0,1015.7,981.2,12,9,77,,,8.6,,,59.0,0,16,8,0,0,0
920,5901,194812,-1.5,6.6,-11.0,0.4,-3.5,1003.4,1013.5,980.5,26,10,85,,,10.4,,,44.0,1,17,28,14,0,0
921,5901,194901,1.7,10.7,-7.3,3.6,-0.6,998.5,1017.7,974.7,33,12,76,,,15.8,,,77.0,4,11,16,6,0,0
922,5901,194902,2.7,13.4,-10.4,5.9,-0.3,1002.4,1016.8,984.0,9,8,68,,,15.1,,,142.0,4,5,16,3,0,0
923,5901,194903,2.9,18.9,-8.8,6.8,-1.0,994.2,1007.5,975.7,22,10,59,,,16.6,,,169.0,9,8,15,6,0,0
924,5901,194904,12.1,23.7,2.0,17.0,7.2,993.5,1003.6,973.9,44,13,58,,,14.8,,,209.0,8,9,0,0,0,0
925,5901,194905,15.1,26.6,3.4,19.2,10.7,989.3,1001.2,980.0,120,16,69,,,10.8,,,207.0,2,9,0,0,4,0
926,5901,194906,16.5,29.1,8.9,20.6,12.4,992.1,1000.7,985.1,72,17,62,,,13.7,,,237.0,3,7,0,0,4,0
927,5901,194907,19.7,31.0,11.1,24.0,15.5,992.8,996.9,986.4,53,15,64,,,11.9,,,249.0,4,6,0,0,13,2
928,5901,194908,18.5,31.2,9.5,23.2,13.8,994.5,1001.5,978.1,122,12,66,,,10.4,,,246.0,10,7,0,0,15,4
929,5901,194909,16.5,26.3,6.3,21.4,12.7,996.7,1004.3,990.8,10,8,74,,,5.8,,,236.0,11,5,0,0,3,0
930,5901,194910,10.9,19.5,1.2,15.1,7.2,997.9,1008.7,987.7,13,8,78,,,7.2,,,157.0,8,6,0,0,0,0
931,5901,194911,5.6,12.0,-0.2,7.5,3.7,987.2,1005.6,969.1,127,17,81,,,11.2,,,39.0,2,16,1,0,0,0
932,5901,194912,3.2,15.0,-5.0,5.7,1.0,991.7,1011.1,969.1,62,16,80,,,11.5,,,58.0,0,15,10,1,0,0
933,5901,195001,-2.7,7.5,-13.5,-0.1,-5.4,997.4,1011.3,977.7,71,12,72,,,12.2,,,64.0,3,12,22,16,0,0
934,5901,195002,2.0,13.0,-11.1,5.1,-1.0,990.5,1010.1,965.6,26,15,75,,,12.6,,,74.0,2,12,13,6,0,0
935,5901,195003,7.2,16.4,-2.2,10.9,3.3,995.3,1010.0,980.0,25,9,64,,,11.9,,,159.0,4,6,4,0,0,0
936,5901,195004,10.3,25.2,0.8,14.4,6.2,985.8,1003.6,969.7,38,17,64,,,11.2,,,167.0,0,8,0,0,2,0
937,5901,195005,16.7,27.3,4.7,21.2,11.7,992.3,1004.0,980.9,69,9,64,,,9.4,,,261.0,8,4,0,0,4,0
938,5901,195006,20.4,36.1,11.7,25.5,15.0,993.8,1002.9,981.5,12,8,54,,,10.8,,,279.0,11,7,0,0,15,2
939,5901,195007,21.5,36.0,12.6,26.5,16.9,991.4,999.2,985.2,125,14,61,,,10.8,,,295.0,5,3,0,0,17,5
940,5901,195008,19.8,30.2,11.8,24.8,15.1,990.7,1000.1,980.0,44,10,65,,,8.6,,,292.0,9,5,0,0,16,1
941,5901,195009,15.4,28.0,6.5,19.9,11.9,991.0,1000.5,978.3,141,19,73,,,11.2,,,150.0,5,8,0,0,4,0
942,5901,195010,8.1,17.5,-1.9,11.4,5.5,995.9,1006.0,982.7,104,12,79,,,9.7,,,124.0,5,10,2,0,0,0
943,5901,195011,4.9,12.8,-3.1,7.2,2.7,988.0,1006.4,971.6,101,22,84,,,9.0,,,40.0,1,15,1,0,0,0
944,5901,195012,0.5,8.0,-9.1,2.1,-1.0,986.2,997.3,973.2,50,16,83,,,7.6,,,33.0,0,23,16,7,0,0
945,5901,195101,1.5,8.1,-4.4,3.3,-0.2,988.7,1005.1,973.3,24,16,82,100.0,44.0,9.4,76.0,4,35.0,1,19,15,5,0,0
946,5901,195102,3.5,10.9,-3.9,6.2,1.0,986.5,998.8,969.2,20,11,77,97.0,41.0,12.6,67.0,4,94.0,1,6,8,1,0,0
947,5901,195103,4.2,16.0,-5.4,7.8,1.1,985.7,1004.7,970.0,67,20,72,100.0,29.0,10.4,74.0,2,81.0,2,16,12,1,0,0
948,5901,195104,10.4,21.3,0.6,15.1,5.5,992.5,1004.5,981.9,28,8,57,99.0,18.0,12.6,65.0,4,235.0,8,3,0,0,0,0
949,5901,195105,14.0,26.3,3.7,18.2,9.8,987.7,999.1,972.1,160,15,70,97.0,34.0,11.9,75.0,2,165.0,0,11,0,0,1,0
950,5901,195106,18.1,27.4,10.3,22.0,14.0,991.9,1001.1,978.9,86,13,71,96.0,36.0,10.1,64.0,2,241.0,2,6,0,0,6,0
951,5901,195107,20.0,29.6,10.7,24.2,15.5,993.3,999.5,985.2,116,9,64,99.0,27.0,11.2,68.0,3,294.0,6,4,0,0,15,0
952,5901,195108,20.3,30.2,11.5,24.5,16.0,990.9,996.9,979.5,60,8,70,99.0,36.0,10.1,61.0,1,288.0,10,3,0,0,14,1
953,5901,195109,16.8,27.2,6.4,20.4,13.6,993.9,1002.4,987.7,24,7,75,99.0,34.0,8.6,77.0,2,164.0,5,7,0,0,6,0
954,5901,195110,8.7,17.1,-0.5,12.9,5.1,998.3,1008.3,987.9,1,2,74,97.0,35.0,7.9,50.0,0,171.0,8,5,2,0,0,0
955,5901,195111,7.5,18.4,1.3,10.8,4.8,987.0,1008.4,968.3,89,15,78,98.0,32.0,14.0,96.0,8,71.0,1,13,0,0,0,0
956,5901,195112,2.2,9.8,-3.7,4.1,0.5,996.2,1010.3,978.4,35,15,81,100.0,39.0,10.4,90.0,6,58.0,2,14,14,3,0,0
957,5901,195201,1.0,12.0,-10.5,3.2,-1.1,988.4,1014.3,963.2,34,14,73,98.0,30.0,15.1,79.0,8,58.0,0,13,18,7,0,0
958,5901,195202,1.2,7.5,-5.5,3.0,-0.7,989.9,1006.7,969.9,81,19,73,98.0,49.0,16.9,78.0,7,39.0,0,22,19,6,0,0
959,5901,195203,2.0,14.9,-8.4,5.8,-1.2,989.4,1006.4,969.6,59,16,72,98.0,29.0,9.4,81.0,4,130.0,5,15,17,3,0,0
960,5901,195204,12.9,24.7,-1.1,17.8,8.1,992.7,1003.6,965.5,11,8,62,97.0,11.0,9.0,55.0,0,216.0,5,6,3,0,0,0
961,5901,195205,13.9,24.8,3.5,18.1,10.3,991.8,1001.5,979.2,85,20,66,99.0,23.0,14.4,73.0,3,198.0,0,11,0,0,0,0
962,5901,195206,17.9,28.5,9.7,22.4,13.5,993.7,1004.4,984.7,75,17,66,96.0,28.0,11.5,84.0,4,268.0,5,5,0,0,7,0
963,5901,195207,21.2,32.4,10.1,26.5,16.1,993.7,1000.3,978.5,19,8,59,93.0,22.0,10.4,61.0,1,321.0,8,2,0,0,21,6
964,5901,195208,21.3,33.9,11.3,26.4,16.3,990.1,1000.8,979.9,36,10,60,96.0,22.0,11.9,85.0,6,286.0,8,3,0,0,21,7
965,5901,195209,13.0,23.7,3.2,17.0,9.6,990.1,1004.8,974.9,49,17,74,99.0,32.0,16.6,101.0,9,140.0,4,6,0,0,0,0
966,5901,195210,9.0,19.9,-0.5,12.8,5.8,990.6,1003.5,979.3,31,21,77,100.0,42.0,11.2,88.0,7,110.0,1,14,1,0,0,0
967,5901,195211,3.6,14.0,-2.7,6.0,1.7,987.5,1003.7,966.1,42,16,80,100.0,41.0,14.8,115.0,6,49.0,0,15,5,0,0,0
968,5901,195212,-0.7,7.0,-7.7,1.2,-2.4,990.6,1010.4,957.9,17,14,85,100.0,51.0,9.4,83.0,3,30.0,1,17,25,9,0,0
969,5901,195301,-0.2,8.6,-11.2,1.7,-2.4,993.1,1009.2,970.3,46,20,78,100.0,38.0,18.4,122.0,9,26.0,1,21,25,7,0,0
970,5901,195302,1.4,12.0,-12.5,4.4,-1.3,991.2,1013.7,966.5,27,12,70,96.0,36.0,18.4,100.0,14,90.0,2,11,17,4,0,0
971,5901,195303,6.0,24.4,-9.5,11.8,0.5,1003.1,1014.4,987.5,26,7,56,96.0,10.0,14.0,83.0,8,217.0,14,4,11,0,0,0
972,5901,195304,11.2,21.6,0.5,16.2,6.3,990.7,1001.2,977.1,62,9,60,97.0,11.0,12.2,73.0,7,231.0,7,8,0,0,0,0
973,5901,195305,14.5,29.2,1.0,19.9,9.4,991.3,1000.3,976.7,28,11,64,98.0,26.0,11.5,71.0,5,271.0,6,7,0,0,8,0
974,5901,195306,18.4,27.3,4.1,23.4,14.0,987.9,995.9,975.6,89,13,72,96.0,37.0,13.0,78.0,1,219.0,1,6,0,0,10,0
975,5901,195307,21.0,32.2,12.3,26.9,15.7,991.7,1002.4,980.8,106,12,66,95.0,30.0,13.3,99.0,9,303.0,9,3,0,0,24,5
976,5901,195308,18.6,30.6,10.3,24.1,13.3,994.8,1000.9,980.5,43,8,65,94.0,28.0,12.6,65.0,3,292.0,11,5,0,0,13,1
977,5901,195309,16.5,30.7,4.5,21.9,11.9,993.7,1010.8,983.1,23,8,67,98.0,25.0,13.7,86.0,5,223.0,7,6,0,0,6,1
978,5901,195310,11.4,22.8,-0.9,15.6,8.1,996.7,1006.4,985.2,27,8,78,100.0,35.0,11.9,71.0,4,141.0,5,7,2,0,0,0
979,5901,195311,4.1,13.3,-7.6,7.2,1.0,1002.7,1014.5,987.6,7,4,74,99.0,41.0,12.6,98.0,2,90.0,5,10,9,1,0,0
980,5901,195312,1.4,15.6,-5.8,3.1,-0.1,1001.0,1007.6,987.6,14,12,82,99.0,52.0,12.2,73.0,3,37.0,3,23,14,6,0,0
981,5901,195401,-4.2,9.9,-18.2,-1.9,-6.6,992.5,1007.3,978.0,55,19,73,98.0,40.0,16.6,124.0,7,66.0,0,15,26,21,0,0
982,5901,195402,-5.3,9.7,-17.4,-2.1,-8.7,991.8,1004.8,979.5,5,7,74,99.0,34.0,11.5,87.0,2,91.0,4,11,27,17,0,0
983,5901,195403,6.0,21.0,-1.1,10.5,2.0,988.8,1000.0,963.6,17,7,73,100.0,25.0,10.8,91.0,4,107.0,2,12,6,0,0,0
984,5901,195404,7.7,17.8,-1.0,11.2,4.0,992.7,1002.8,980.8,75,17,67,98.0,27.0,13.7,99.0,6,107.0,1,15,2,0,0,0
985,5901,195405,14.1,25.6,2.4,18.7,9.5,989.2,999.5,976.4,77,15,65,99.0,29.0,14.8,92.0,6,217.0,2,10,0,0,2,0
986,5901,195406,19.1,30.1,10.3,24.0,14.7,991.1,999.5,982.5,47,17,69,97.0,31.0,10.4,76.0,2,234.0,4,10,0,0,11,1
987,5901,195407,17.7,30.0,8.8,22.7,13.3,988.7,1000.3,977.1,110,18,69,98.0,37.0,16.6,94.0,7,210.0,1,9,0,0,9,1
988,5901,195408,19.4,31.3,10.8,24.7,14.4,989.5,999.3,978.0,49,11,65,96.0,32.0,13.7,89.0,7,264.0,5,2,0,0,15,3
989,5901,195409,17.0,30.0,5.0,22.6,12.6,993.2,1001.6,985.6,50,15,69,97.0,29.0,12.6,95.0,6,215.0,11,7,0,0,14,2
990,5901,195410,10.0,24.9,-0.1,14.4,6.5,994.8,1007.1,979.7,54,17,78,100.0,30.0,10.8,79.0,6,142.0,5,10,1,0,0,0
991,5901,195411,3.6,13.0,-6.0,6.0,1.3,994.2,1006.7,982.3,47,11,83,100.0,37.0,13.0,69.0,1,70.0,4,18,9,2,0,0
992,5901,195412,4.0,11.7,-4.5,6.4,1.7,990.7,1012.3,960.5,107,23,80,100.0,54.0,17.3,94.0,10,60.0,0,15,8,0,0,0
993,5901,195501,-1.6,8.0,-9.6,0.4,-3.6,990.4,1004.3,963.1,24,16,83,99.0,35.0,11.9,110.0,6,45.0,2,20,26,14,0,0
994,5901,195502,0.0,9.7,-8.4,2.9,-2.8,982.1,1000.7,964.0,37,16,75,100.0,43.0,11.5,96.0,10,57.0,1,17,20,7,0,0
995,5901,195503,2.4,22.2,-11.2,6.4,-1.2,991.0,1007.7,975.9,47,16,71,98.0,37.0,13.3,78.0,5,100.0,1,13,21,3,0,0
996,5901,195504,8.2,27.3,-1.5,13.1,3.6,994.4,1004.3,983.3,87,15,62,98.0,20.0,15.5,76.0,9,191.0,4,11,4,0,1,0
997,5901,195505,13.7,28.2,3.0,19.1,8.1,992.3,1003.7,978.9,43,14,61,94.0,27.0,14.8,104.0,10,240.0,1,9,0,0,3,0
998,5901,195506,17.0,28.2,7.1,21.8,12.8,991.9,1000.0,977.3,43,9,68,98.0,36.0,13.3,80.0,2,220.0,2,12,0,0,4,0
999,5901,195507,19.7,31.2,11.8,24.5,15.6,990.1,996.9,983.1,64,13,70,96.0,31.0,13.0,85.0,5,229.0,1,8,0,0,16,1
1000,5901,195508,18.2,27.2,11.2,23.1,14.5,992.7,1001.5,984.8,138,16,77,97.0,36.0,12.2,87.0,2,195.0,1,7,0,0,7,0
1001,5901,195509,15.3,27.6,6.2,20.5,11.2,993.7,1004.3,975.3,46,10,76,99.0,34.0,8.6,63.0,1,222.0,9,4,0,0,6,0
1002,5901,195510,9.9,19.0,-2.8,13.7,6.8,992.2,1003.7,980.9,41,14,81,100.0,48.0,11.5,64.0,1,119.0,2,11,2,0,0,0
1003,5901,195511,4.8,11.0,-4.4,6.4,3.1,996.2,1006.4,979.6,23,15,79,100.0,29.0,20.2,104.0,9,44.0,0,22,4,0,0,0
1004,5901,195512,3.8,12.5,-4.0,6.4,1.0,989.0,1005.7,966.5,33,15,76,100.0,24.0,15.1,93.0,12,48.0,0,16,11,1,0,0
1005,5901,195601,0.8,12.7,-16.3,4.1,-1.9,991.7,1009.5,976.5,20,9,75,99.0,30.0,13.3,80.0,6,110.0,3,11,21,6,0,0
1006,5901,195602,-8.3,6.7,-22.6,-5.2,-11.7,992.6,1010.9,975.2,31,17,71,96.0,40.0,13.3,96.0,2,72.0,4,15,28,26,0,0
1007,5901,195603,2.4,17.5,-6.7,5.8,-0.8,993.7,1005.2,978.7,54,14,71,97.0,19.0,20.9,124.0,12,130.0,3,17,16,3,0,0
1008,5901,195604,9.3,24.3,-2.2,14.2,5.0,985.8,999.2,974.7,84,18,64,98.0,18.0,14.4,71.0,6,157.0,0,12,3,0,0,0
1009,5901,195605,14.7,26.5,5.0,19.6,9.7,995.2,1006.3,986.1,37,9,64,96.0,27.0,14.4,71.0,4,261.0,7,5,0,0,2,0
1010,5901,195606,16.6,27.6,5.7,21.1,12.4,991.8,998.0,985.9,96,16,70,97.0,39.0,17.6,84.0,6,201.0,2,11,0,0,5,0
1011,5901,195607,20.3,30.5,12.4,25.6,15.3,990.8,1000.0,980.1,45,9,63,93.0,30.0,15.8,84.0,6,291.0,3,3,0,0,20,1
1012,5901,195608,18.7,30.2,9.0,23.9,14.1,989.4,1004.1,976.0,54,15,68,96.0,29.0,11.9,98.0,8,232.0,3,8,0,0,12,1
1013,5901,195609,16.6,31.6,4.3,22.4,11.4,994.8,1005.7,986.7,5,7,63,92.0,31.0,14.0,81.0,8,261.0,10,3,0,0,7,1
1014,5901,195610,9.7,27.8,-0.5,14.2,6.4,995.9,1007.5,976.9,119,10,78,99.0,36.0,12.6,100.0,7,158.0,5,7,1,0,1,0
1015,5901,195611,2.3,11.0,-8.8,4.5,0.1,994.9,1009.9,970.4,35,18,76,98.0,47.0,16.9,112.0,6,45.0,1,21,14,4,0,0
1016,5901,195612,1.2,9.7,-9.3,2.9,-0.7,998.7,1008.0,990.3,41,20,82,100.0,48.0,16.9,116.0,7,19.0,0,21,17,7,0,0
1017,5901,195701,-0.9,11.7,-13.7,1.5,-3.4,999.0,1009.6,982.0,39,16,79,99.0,29.0,11.9,86.0,6,52.0,3,19,21,11,0,0
1018,5901,195702,4.1,13.0,-2.7,7.5,1.2,988.9,1006.4,964.9,58,15,77,98.0,32.0,12.2,106.0,10,61.0,1,16,9,0,0,0
1019,5901,195703,7.4,23.0,-3.5,11.9,3.2,993.9,1008.9,981.3,48,13,66,99.0,24.0,13.7,102.0,7,154.0,5,11,12,0,0,0
1020,5901,195704,10.0,25.4,-0.2,14.6,5.7,992.8,1003.6,969.5,27,13,65,96.0,14.0,11.9,56.0,0,180.0,5,10,1,0,2,0
1021,5901,195705,12.4,26.0,1.3,17.6,7.9,990.7,998.1,981.5,12,5,59,94.0,20.0,13.7,81.0,5,228.0,3,9,0,0,2,0
1022,5901,195706,20.2,32.1,7.7,25.9,14.6,992.6,1004.4,980.5,19,12,61,96.0,27.0,12.2,80.0,3,270.0,7,9,0,0,22,2
1023,5901,195707,20.5,38.3,11.5,25.8,16.2,989.9,1001.1,979.6,130,15,67,96.0,17.0,17.3,88.0,4,217.0,7,9,0,0,14,8
1024,5901,195708,17.9,28.3,8.1,23.0,13.2,992.1,1001.5,978.1,70,11,69,97.0,36.0,12.2,96.0,5,254.0,3,4,0,0,11,0
1025,5901,195709,14.0,26.7,4.2,18.8,10.2,991.8,999.2,979.9,60,14,75,99.0,42.0,13.3,104.0,6,139.0,3,9,0,0,2,0
1026,5901,195710,9.6,18.8,0.4,14.7,5.3,996.7,1003.5,979.6,5,5,78,100.0,34.0,7.9,70.0,1,179.0,11,4,0,0,0,0
1027,5901,195711,5.9,18.4,-6.1,8.4,3.6,995.6,1011.5,979.7,55,11,80,99.0,38.0,14.0,79.0,4,52.0,0,17,4,0,0,0
1028,5901,195712,1.6,13.3,-5.1,3.6,-0.5,992.7,1011.7,957.7,40,11,79,99.0,38.0,14.0,92.0,8,36.0,0,18,18,9,0,0
1029,5901,195801,0.2,8.8,-10.1,3.3,-2.4,992.0,1014.9,964.5,34,12,74,98.0,39.0,13.0,105.0,5,77.0,6,14,18,7,0,0
1030,5901,195802,3.5,18.5,-4.0,7.2,0.3,988.1,1006.7,971.2,57,15,73,98.0,37.0,19.1,133.0,14,63.0,0,14,14,0,0,0
1031,5901,195803,0.5,12.7,-8.2,4.0,-2.7,986.9,1002.5,972.7,73,11,71,97.0,39.0,14.4,79.0,6,127.0,5,15,26,2,0,0
1032,5901,195804,7.8,19.9,-2.9,12.1,3.8,990.4,1005.7,974.4,25,12,64,97.0,30.0,14.4,83.0,5,151.0,1,11,4,0,0,0
1033,5901,195805,18.1,32.6,2.2,24.3,12.1,992.4,1006.1,972.7,18,7,62,97.0,25.0,12.2,79.0,7,260.0,4,4,0,0,13,3
1034,5901,195806,17.1,29.0,7.8,22.1,12.1,989.5,1002.3,970.7,149,15,65,96.0,22.0,13.0,111.0,8,214.0,4,9,0,0,5,0
1035,5901,195807,20.2,33.0,10.6,25.4,15.3,991.2,999.9,978.3,50,10,67,99.0,25.0,13.0,88.0,5,274.0,6,4,0,0,18,4
1036,5901,195808,19.3,31.9,9.7,24.6,14.9,991.5,1001.3,977.3,99,14,73,98.0,36.0,10.1,86.0,3,247.0,5,7,0,0,12,2
1037,5901,195809,15.7,27.5,6.5,20.9,11.4,995.4,1003.6,984.0,24,11,75,97.0,30.0,10.1,65.0,1,193.0,10,5,0,0,4,0
1038,5901,195810,10.7,24.2,1.1,14.2,8.1,995.6,1009.9,975.3,66,18,82,100.0,52.0,12.6,97.0,8,86.0,1,13,0,0,0,0
1039,5901,195811,5.7,12.2,-1.3,7.2,4.1,997.6,1013.9,983.2,27,21,89,100.0,59.0,8.6,50.0,0,14.0,0,26,1,0,0,0
1040,5901,195812,2.6,12.5,-8.7,5.7,-0.1,985.4,1004.9,960.0,70,17,83,100.0,38.0,10.4,73.0,7,62.0,1,12,12,2,0,0
1041,5901,195901,0.5,10.9,-6.0,3.3,-2.0,989.7,1009.3,972.4,25,14,73,98.0,34.0,13.3,95.0,10,76.0,1,11,23,4,0,0
1042,5901,195902,0.2,15.1,-9.6,3.7,-3.1,1008.0,1020.3,988.8,19,6,74,95.0,29.0,11.2,74.0,3,103.0,5,10,21,11,0,0
1043,5901,195903,7.7,20.3,-3.2,12.2,3.1,994.3,1003.9,977.2,35,9,71,98.0,33.0,9.4,70.0,1,128.0,6,9,4,0,0,0
1044,5901,195904,11.1,23.0,-0.4,15.9,5.7,988.2,1002.9,969.3,87,11,63,97.0,20.0,14.0,73.0,5,194.0,2,12,2,0,0,0
1045,5901,195905,14.7,25.2,3.6,19.8,9.5,991.1,999.3,983.3,46,13,66,97.0,27.0,11.9,88.0,4,238.0,2,8,0,0,2,0
1046,5901,195906,17.6,29.0,8.0,22.0,12.6,993.0,1000.3,980.5,151,14,68,99.0,30.0,13.0,68.0,3,228.0,6,12,0,0,8,0
1047,5901,195907,20.4,32.7,11.8,24.8,16.3,992.0,1001.3,981.3,151,16,71,96.0,29.0,13.0,74.0,3,216.0,6,11,0,0,17,5
1048,5901,195908,18.9,28.8,8.0,23.9,14.5,992.8,1001.9,984.0,104,10,72,96.0,38.0,11.9,68.0,3,255.0,8,4,0,0,14,0
1049,5901,195909,14.1,26.5,3.2,20.0,8.8,996.7,1007.6,986.8,5,3,67,98.0,27.0,7.9,59.0,0,243.0,13,2,0,0,3,0
1050,5901,195910,9.5,20.0,-0.2,15.3,4.2,995.6,1006.5,965.9,11,5,68,97.0,32.0,11.2,85.0,5,197.0,11,5,1,0,0,0
1051,5901,195911,4.9,12.6,-2.6,7.3,2.8,993.6,1008.5,978.1,59,9,83,99.0,48.0,10.4,51.0,0,59.0,2,18,5,0,0,0
1052,5901,195912,3.2,12.9,-4.7,5.1,1.1,986.3,998.1,972.7,105,19,85,99.0,52.0,11.9,98.0,3,27.0,0,21,8,2,0,0
1053,5901,196001,-0.9,8.0,-14.5,1.5,-3.4,992.0,1007.5,974.9,47,17,78,98.0,40.0,13.7,94.0,9,61.0,3,16,19,10,0,0
1054,5901,196002,0.3,17.4,-14.3,4.4,-3.6,991.1,1016.4,968.1,8,7,70,99.0,21.0,9.7,85.0,5,118.0,6,12,19,8,0,0
1055,5901,196003,5.5,18.9,-3.8,9.2,2.0,990.7,1005.1,976.9,41,12,74,99.0,33.0,14.0,78.0,5,95.0,1,17,8,1,0,0
1056,5901,196004,10.3,21.0,1.4,14.7,5.9,991.8,1003.2,982.7,25,9,61,98.0,22.0,11.9,72.0,2,170.0,3,13,0,0,0,0
1057,5901,196005,14.1,29.8,1.8,19.0,9.3,993.5,1002.9,981.9,54,14,67,97.0,31.0,10.1,80.0,4,209.0,1,10,0,0,3,0
1058,5901,196006,18.1,29.3,10.2,23.2,13.7,993.5,1003.7,985.1,79,13,69,96.0,36.0,11.5,80.0,3,243.0,3,6,0,0,8,0
1059,5901,196007,18.1,29.0,8.9,22.8,13.6,990.6,996.0,980.0,87,16,69,98.0,34.0,13.7,70.0,4,200.0,3,11,0,0,10,0
1060,5901,196008,19.0,30.4,10.7,24.1,14.6,989.2,996.9,974.8,71,17,73,96.0,36.0,13.3,92.0,5,237.0,3,5,0,0,13,2
1061,5901,196009,14.1,25.3,3.6,19.0,10.1,992.9,1003.5,983.2,52,11,75,99.0,38.0,11.9,63.0,3,175.0,6,7,0,0,1,0
1062,5901,196010,11.1,23.1,2.7,15.1,7.6,985.6,999.7,976.4,63,15,78,99.0,41.0,12.6,78.0,7,122.0,0,10,0,0,0,0
1063,5901,196011,7.0,16.9,1.7,10.2,4.2,989.7,1004.1,974.1,18,12,80,100.0,46.0,10.4,83.0,4,91.0,1,15,0,0,0,0
1064,5901,196012,2.3,14.0,-3.8,4.5,0.3,987.5,1004.3,974.8,27,13,85,99.0,48.0,9.7,83.0,4,40.0,2,22,15,1,0,0
1065,5901,196101,-2.1,12.3,-13.8,0.9,-4.9,995.3,1014.1,973.2,9,10,79,98.0,42.0,7.9,91.0,2,93.0,7,11,25,15,0,0
1066,5901,196102,3.9,11.3,-4.2,7.1,1.2,999.1,1013.3,968.8,68,14,80,99.0,39.0,15.5,96.0,8,54.0,0,10,8,0,0,0
1067,5901,196103,8.8,22.3,-0.1,13.3,4.9,997.7,1014.0,977.1,32,11,63,96.0,24.0,19.4,95.0,11,166.0,6,11,1,0,0,0
1068,5901,196104,13.3,25.7,4.2,18.7,8.1,987.6,996.4,980.0,65,10,67,97.0,31.0,11.9,74.0,3,222.0,4,10,0,0,1,0
1069,5901,196105,13.2,24.5,4.7,18.1,9.0,989.1,995.7,974.4,84,12,69,96.0,33.0,14.0,76.0,7,226.0,1,9,0,0,0,0
1070,5901,196106,19.1,32.2,10.4,24.2,14.0,991.8,1006.4,978.0,48,8,64,95.0,22.0,12.6,70.0,5,279.0,4,4,0,0,10,2
1071,5901,196107,18.5,32.5,9.1,23.9,13.3,991.9,1002.4,977.3,83,15,64,99.0,27.0,12.2,84.0,5,258.0,3,6,0,0,10,4
1072,5901,196108,19.5,33.7,8.3,25.3,14.1,994.1,1003.3,984.3,28,10,64,93.0,29.0,11.5,70.0,3,271.0,8,4,0,0,18,4
1073,5901,196109,17.7,30.5,6.7,24.7,11.8,995.0,1004.9,983.7,22,8,68,98.0,24.0,7.9,60.0,0,249.0,16,4,0,0,13,1
1074,5901,196110,11.6,22.8,3.0,15.8,8.2,993.6,1005.9,965.3,59,12,77,99.0,39.0,10.4,66.0,2,140.0,6,10,0,0,0,0
1075,5901,196111,4.4,14.9,-4.8,6.9,2.2,990.6,1012.5,976.7,61,13,84,98.0,48.0,10.4,68.0,2,53.0,2,19,6,2,0,0
1076,5901,196112,-1.0,16.2,-15.0,2.1,-4.2,992.5,1014.1,979.6,52,16,78,99.0,43.0,14.0,88.0,5,53.0,1,14,23,12,0,0
1077,5901,196201,1.1,14.0,-7.6,3.8,-1.4,995.1,1006.0,973.9,15,12,78,99.0,46.0,14.8,77.0,6,57.0,1,17,22,5,0,0
1078,5901,196202,0.9,12.8,-9.8,3.6,-2.0,993.9,1008.9,964.5,39,15,71,100.0,37.0,19.8,107.0,13,60.0,0,16,18,3,0,0
1079,5901,196203,1.8,20.4,-5.1,5.8,-1.4,986.3,1002.4,966.9,54,13,69,98.0,28.0,15.1,99.0,11,119.0,1,13,22,2,0,0
1080,5901,196204,11.5,27.2,1.4,17.1,6.5,990.2,1000.0,964.8,64,9,58,95.0,19.0,14.8,77.0,8,185.0,5,12,0,0,8,0
1081,5901,196205,12.7,27.5,1.4,17.8,8.3,990.7,997.7,977.5,52,21,72,98.0,33.0,12.6,82.0,8,196.0,0,13,0,0,1,0
1082,5901,196206,16.1,32.2,4.7,21.6,11.4,995.6,1004.7,985.5,25,14,65,97.0,33.0,12.2,62.0,1,233.0,4,7,0,0,11,2
1083,5901,196207,18.3,31.5,7.1,23.8,13.1,992.2,1000.5,982.5,52,15,65,97.0,32.0,10.1,96.0,2,253.0,6,6,0,0,12,3
1084,5901,196208,20.7,34.1,8.8,27.2,14.8,993.5,1000.1,982.1,26,8,60,98.0,26.0,10.4,76.0,3,278.0,4,0,0,0,21,8
1085,5901,196209,14.4,32.5,3.5,20.4,9.4,994.0,1003.3,982.7,25,9,71,99.0,32.0,11.2,72.0,3,211.0,9,4,0,0,5,1
1086,5901,196210,10.0,23.4,0.3,15.6,5.6,997.7,1007.2,984.1,49,6,78,100.0,39.0,7.6,52.0,0,191.0,13,6,0,0,0,0
1087,5901,196211,3.9,14.0,-2.6,5.6,2.1,991.8,1007.1,973.9,101,17,86,99.0,50.0,13.3,69.0,4,22.0,1,23,10,0,0,0
1088,5901,196212,-3.2,8.2,-14.8,-0.8,-5.7,992.5,1018.4,953.9,42,14,79,99.0,28.0,10.8,93.0,3,57.0,1,11,26,15,0,0
1089,5901,196301,-6.0,5.0,-16.0,-3.7,-8.1,995.3,1012.1,978.4,40,16,77,99.0,47.0,13.0,108.0,4,60.0,1,19,30,25,0,0
1090,5901,196302,-4.4,3.0,-16.8,-1.4,-7.4,988.0,1012.5,971.3,22,8,78,97.0,33.0,9.7,97.0,4,79.0,3,13,28,15,0,0
1091,5901,196303,3.1,15.3,-16.0,7.4,-0.8,992.0,1012.3,973.5,47,14,69,97.0,27.0,11.5,98.0,6,123.0,1,17,16,2,0,0
1092,5901,196304,11.2,23.4,-2.5,16.3,6.4,989.6,1000.3,973.2,29,11,65,94.0,28.0,12.2,62.0,1,187.0,2,7,2,0,0,0
1093,5901,196305,14.8,26.0,3.7,20.0,9.8,991.6,1000.3,978.4,70,15,69,96.0,33.0,10.4,68.0,2,250.0,1,7,0,0,2,0
1094,5901,196306,18.7,31.5,7.2,23.7,14.1,990.0,996.4,979.5,53,13,68,95.0,32.0,11.9,89.0,5,246.0,3,7,0,0,13,1
1095,5901,196307,21.4,33.7,9.3,27.3,15.7,993.9,1002.7,986.4,11,8,60,94.0,28.0,9.7,63.0,3,300.0,8,3,0,0,24,9
1096,5901,196308,19.6,33.5,9.0,25.3,14.6,989.0,995.3,980.4,85,14,69,96.0,30.0,12.6,77.0,5,231.0,5,7,0,0,16,7
1097,5901,196309,16.4,26.2,6.9,21.3,12.2,994.0,1002.3,984.0,49,11,77,98.0,32.0,11.5,73.0,3,174.0,4,8,0,0,5,0
1098,5901,196310,9.9,20.8,-0.5,14.2,6.2,997.6,1006.0,981.7,24,9,77,98.0,44.0,11.9,70.0,1,144.0,6,8,1,0,0,0
1099,5901,196311,7.8,19.3,-1.5,11.9,4.4,988.3,1004.3,973.9,30,12,81,99.0,34.0,12.6,95.0,8,75.0,1,13,3,0,0,0
1100,5901,196312,-4.3,4.5,-16.7,-2.1,-6.6,997.5,1022.5,977.1,13,11,82,100.0,61.0,11.2,80.0,2,49.0,3,17,30,21,0,0
1101,5901,196401,-4.7,4.4,-16.1,-2.1,-7.6,1007.3,1018.0,988.0,7,8,81,98.0,39.0,13.0,94.0,5,64.0,3,14,31,21,0,0
1102,5901,196402,0.5,9.3,-11.0,3.4,-2.0,993.2,1011.1,977.7,29,13,73,97.0,41.0,20.2,87.0,11,96.0,6,17,15,6,0,0
1103,5901,196403,1.2,14.6,-9.5,3.9,-1.5,990.6,1000.4,977.3,72,14,81,100.0,50.0,8.3,55.0,0,61.0,3,20,21,6,0,0
1104,5901,196404,11.8,23.8,1.6,16.5,6.7,990.9,1006.1,965.2,61,13,63,95.0,26.0,15.1,74.0,2,183.0,9,13,0,0,0,0
1105,5901,196405,14.9,26.7,5.5,19.9,9.9,994.2,1004.9,983.6,68,12,68,98.0,34.0,10.4,59.0,0,229.0,5,8,0,0,3,0
1106,5901,196406,20.1,30.9,11.1,25.5,15.2,992.2,1000.1,976.4,42,12,67,94.0,29.0,10.8,74.0,3,261.0,5,6,0,0,17,3
1107,5901,196407,20.9,33.5,8.7,26.9,14.8,993.9,1000.9,983.9,37,9,60,92.0,28.0,10.8,74.0,3,287.0,7,3,0,0,20,10
1108,5901,196408,18.4,31.7,8.0,24.1,13.2,991.6,1003.1,978.3,52,9,66,94.0,24.0,14.8,82.0,4,229.0,7,6,0,0,13,4
1109,5901,196409,15.9,28.3,7.0,20.9,11.1,996.3,1006.5,986.3,20,8,68,96.0,34.0,14.4,74.0,2,191.0,9,7,0,0,6,0
1110,5901,196410,9.0,21.7,2.6,13.2,5.4,993.5,1008.7,961.7,132,15,77,100.0,29.0,12.6,76.0,3,119.0,6,12,0,0,0,0
1111,5901,196411,6.5,15.6,-2.6,8.8,3.9,995.0,1006.0,974.9,26,17,79,99.0,37.0,13.3,92.0,10,33.0,0,19,2,0,0,0
1112,5901,196412,-0.4,4.7,-8.1,1.2,-1.9,992.6,1008.4,974.7,48,17,87,99.0,57.0,9.4,60.0,0,28.0,0,21,24,9,0,0
1113,5901,196501,0.8,7.4,-5.1,2.7,-1.3,989.1,1002.4,966.8,42,14,85,100.0,48.0,13.7,86.0,6,34.0,1,19,23,1,0,0
1114,5901,196502,-2.0,5.7,-12.0,0.6,-4.8,993.9,1008.8,977.9,47,16,71,98.0,42.0,19.1,92.0,13,96.0,1,10,26,12,0,0
1115,5901,196503,4.4,18.7,-6.9,8.6,0.2,992.8,1009.2,962.3,44,10,74,97.0,31.0,12.6,97.0,4,142.0,3,10,16,0,0,0
1116,5901,196504,9.2,20.9,-0.5,13.4,5.3,986.4,1005.7,971.9,131,18,70,98.0,23.0,13.3,69.0,4,133.0,3,14,1,0,0,0
1117,5901,196505,13.2,27.0,2.9,17.6,9.4,990.0,1002.8,977.3,131,21,70,97.0,26.0,15.1,80.0,5,150.0,3,20,0,0,3,0
1118,5901,196506,17.8,31.6,8.3,22.4,13.2,991.1,1001.3,979.7,193,15,73,98.0,34.0,11.2,82.0,3,225.0,3,8,0,0,11,3
1119,5901,196507,18.5,30.2,9.1,23.5,14.1,990.3,998.4,981.6,84,19,73,96.0,41.0,12.6,71.0,5,215.0,1,10,0,0,13,2
1120,5901,196508,17.3,29.8,7.7,22.3,12.5,992.6,999.7,980.8,57,8,71,96.0,37.0,10.8,85.0,2,221.0,5,7,0,0,9,0
1121,5901,196509,15.6,25.6,5.7,20.4,11.2,991.5,1010.3,979.3,48,10,76,99.0,40.0,11.5,62.0,1,169.0,3,4,0,0,2,0
1122,5901,196510,8.5,20.0,-1.2,13.0,4.3,999.3,1010.7,991.2,0,1,81,99.0,46.0,5.8,57.0,0,173.0,8,5,5,0,0,0
1123,5901,196511,2.4,19.1,-6.6,5.0,0.0,988.4,1008.9,966.5,29,16,78,98.0,37.0,13.0,79.0,6,52.0,1,18,16,5,0,0
1124,5901,196512,3.0,16.0,-3.4,5.6,0.3,985.5,1002.4,966.5,68,15,80,99.0,35.0,12.6,94.0,7,67.0,2,17,15,0,0,0
1125,5901,196601,-3.3,11.3,-14.3,-1.2,-5.6,991.8,1013.6,973.1,34,20,78,98.0,45.0,12.6,84.0,6,45.0,2,18,28,21,0,0
1126,5901,196602,6.9,17.3,-2.7,10.5,3.3,985.2,1000.5,970.4,53,11,77,100.0,29.0,13.3,81.0,8,78.0,1,11,2,0,0,0
1127,5901,196603,5.3,16.2,-1.6,8.8,2.2,993.3,1012.1,974.9,22,19,68,99.0,12.0,18.4,83.0,7,90.0,2,12,5,0,0,0
1128,5901,196604,12.1,22.7,0.3,17.0,6.9,987.8,1005.9,971.3,39,13,69,96.0,33.0,12.6,74.0,2,185.0,5,6,0,0,0,0
1129,5901,196605,15.0,25.7,6.1,20.1,10.0,993.2,1006.5,982.3,69,10,64,94.0,32.0,13.3,87.0,4,246.0,8,6,0,0,4,0
1130,5901,196606,18.3,28.8,6.5,23.0,13.6,991.6,997.6,980.9,84,15,71,98.0,32.0,14.4,92.0,6,245.0,3,4,0,0,10,0
1131,5901,196607,18.7,30.2,9.9,23.4,14.2,989.5,997.6,978.5,123,16,70,96.0,34.0,13.3,89.0,1,240.0,5,6,0,0,9,1
1132,5901,196608,18.1,30.8,9.8,23.1,13.8,991.6,1001.3,984.0,133,13,74,96.0,38.0,12.2,88.0,2,226.0,5,10,0,0,10,1
1133,5901,196609,15.3,25.8,4.2,19.9,11.3,994.8,1005.1,982.7,19,9,76,97.0,40.0,10.8,88.0,3,186.0,2,7,0,0,1,0
1134,5901,196610,13.4,24.4,-0.9,17.1,10.1,988.1,1000.7,971.3,54,9,82,98.0,49.0,11.2,86.0,2,112.0,3,13,1,0,0,0
1135,5901,196611,3.8,15.0,-3.6,5.8,1.5,992.0,1003.9,973.7,84,14,84,98.0,46.0,15.5,72.0,4,37.0,0,24,9,0,0,0
1136,5901,196612,2.4,11.4,-4.1,4.7,-0.1,988.3,1002.7,968.5,67,19,77,97.0,33.0,15.5,105.0,10,63.0,0,13,16,2,0,0
1137,5901,196701,-0.3,9.6,-10.4,2.2,-2.7,995.4,1008.0,980.0,36,14,75,99.0,42.0,16.9,95.0,9,77.0,1,16,22,8,0,0
1138,5901,196702,3.1,16.0,-9.3,6.6,-0.6,995.9,1009.1,977.3,31,10,71,96.0,40.0,17.3,102.0,11,117.0,5,11,15,1,0,0
1139,5901,196703,7.2,18.0,-0.1,11.1,3.5,993.2,1009.3,977.2,44,17,69,97.0,26.0,19.1,97.0,15,147.0,1,7,1,0,0,0
1140,5901,196704,9.9,23.4,0.2,14.5,5.6,989.3,1000.1,970.5,32,15,65,94.0,23.0,14.8,79.0,3,178.0,2,9,0,0,0,0
1141,5901,196705,15.0,27.5,2.2,20.3,9.6,989.9,1000.8,975.1,91,10,66,95.0,31.0,14.4,95.0,4,238.0,5,9,0,0,3,0
1142,5901,196706,17.8,33.3,7.5,23.0,12.7,994.2,1004.0,983.5,26,11,66,97.0,32.0,14.4,88.0,2,283.0,7,4,0,0,8,3
1143,5901,196707,21.6,31.3,11.8,26.9,15.9,994.8,1002.5,988.1,71,6,64,97.0,32.0,9.0,73.0,3,307.0,12,4,0,0,23,8
1144,5901,196708,19.1,32.5,10.5,24.7,14.3,993.1,1001.1,983.1,44,12,67,98.0,30.0,9.4,84.0,4,235.0,7,4,0,0,12,4
1145,5901,196709,16.1,30.3,7.6,20.8,12.1,991.7,1000.7,977.9,97,11,78,98.0,35.0,9.7,84.0,4,158.0,3,7,0,0,5,2
1146,5901,196710,11.9,22.0,0.4,16.4,8.2,993.7,1006.8,974.3,15,9,80,99.0,38.0,9.7,82.0,3,154.0,7,4,0,0,0,0
1147,5901,196711,4.5,14.5,-4.2,7.7,1.3,995.6,1013.1,975.7,22,12,82,100.0,51.0,11.5,74.0,3,99.0,3,11,11,0,0,0
1148,5901,196712,1.4,13.3,-7.3,3.8,-1.1,990.7,1008.0,970.5,61,15,75,97.0,38.0,20.2,101.0,16,66.0,3,13,20,5,0,0
1149,5901,196801,-1.1,13.2,-14.6,1.7,-4.1,990.0,1013.1,970.4,64,17,75,95.0,33.0,19.4,112.0,13,69.0,1,10,23,11,0,0
1150,5901,196802,2.2,16.7,-5.7,5.2,-0.5,990.4,1005.1,977.7,7,8,80,98.0,39.0,11.9,74.0,2,73.0,2,14,16,1,0,0
1151,5901,196803,6.6,23.9,-5.7,11.4,2.0,991.9,1012.7,969.7,25,10,63,96.0,21.0,17.6,89.0,11,181.0,5,6,9,0,0,0
1152,5901,196804,11.9,27.3,-1.8,17.8,6.1,992.3,1004.4,975.3,20,5,58,95.0,24.0,11.2,86.0,4,213.0,5,5,1,0,3,0
1153,5901,196805,15.1,29.6,3.7,20.5,9.6,991.5,1002.8,980.0,45,10,64,98.0,23.0,13.0,89.0,3,229.0,1,8,0,0,8,0
1154,5901,196806,19.0,31.4,7.8,24.0,13.8,992.8,1002.7,981.6,35,12,66,97.0,32.0,14.4,79.0,5,266.0,2,5,0,0,15,3
1155,5901,196807,19.5,34.3,11.2,24.9,14.9,993.6,1002.3,984.5,60,17,62,95.0,28.0,14.8,79.0,5,262.0,6,7,0,0,13,7
1156,5901,196808,18.0,27.0,8.5,22.5,14.4,989.7,1000.8,975.1,68,17,75,97.0,38.0,14.0,82.0,3,175.0,2,8,0,0,7,0
1157,5901,196809,15.1,25.0,3.8,19.5,11.6,991.4,1001.3,978.0,39,14,75,98.0,40.0,13.0,80.0,7,156.0,4,6,0,0,1,0
1158,5901,196810,10.4,22.0,-1.2,14.5,7.1,996.6,1011.5,987.1,60,12,82,99.0,46.0,10.4,69.0,1,112.0,2,7,4,0,0,0
1159,5901,196811,5.7,21.0,-2.5,8.1,3.5,992.4,1005.3,976.4,40,13,84,99.0,50.0,11.5,72.0,3,37.0,0,21,6,1,0,0
1160,5901,196812,-1.9,7.0,-11.4,-0.2,-3.9,991.3,1002.7,966.4,42,14,85,98.0,54.0,13.0,61.0,1,41.0,3,18,25,17,0,0
1161,5901,196901,-1.6,9.5,-11.9,0.3,-3.8,994.0,1009.6,969.1,50,16,84,98.0,44.0,13.0,69.0,3,27.0,0,23,24,14,0,0
1162,5901,196902,-0.5,8.0,-10.3,1.8,-2.8,986.5,1001.2,967.7,55,13,80,99.0,46.0,13.7,73.0,4,57.0,2,19,17,6,0,0
1163,5901,196903,2.6,17.9,-5.4,5.8,-0.5,990.3,1001.3,974.8,57,15,76,98.0,30.0,12.2,68.0,3,101.0,5,20,16,1,0,0
1164,5901,196904,10.6,26.1,-0.9,15.8,5.3,991.3,1006.5,968.4,18,9,57,94.0,15.0,14.4,90.0,7,240.0,9,1,3,0,4,0
1165,5901,196905,17.5,29.7,6.3,23.1,11.9,989.9,1001.3,981.3,30,11,60,95.0,27.0,13.0,94.0,8,279.0,4,6,0,0,14,0
1166,5901,196906,17.2,27.3,8.1,21.5,13.2,989.0,998.7,980.1,156,16,70,97.0,38.0,15.8,86.0,5,198.0,1,11,0,0,5,0
1167,5901,196907,20.3,32.8,10.5,25.6,15.1,996.2,1003.7,985.2,42,10,64,93.0,27.0,11.5,76.0,5,305.0,13,4,0,0,18,5
1168,5901,196908,18.0,31.5,9.1,22.9,14.0,991.6,1000.4,982.7,75,14,69,96.0,25.0,12.6,64.0,2,205.0,5,11,0,0,12,1
1169,5901,196909,15.9,24.6,4.5,20.6,11.8,994.7,1006.8,981.6,30,7,74,97.0,42.0,9.4,60.0,0,182.0,6,5,0,0,0,0
1170,5901,196910,11.4,20.0,3.6,16.3,7.2,999.1,1009.7,989.5,8,5,75,99.0,42.0,12.2,76.0,5,175.0,7,2,0,0,0,0
1171,5901,196911,6.9,18.4,-4.1,10.3,4.1,987.8,1002.7,956.7,67,11,74,99.0,32.0,15.1,98.0,12,97.0,2,13,4,0,0,0
1172,5901,196912,-3.5,4.3,-17.2,-1.8,-5.3,991.3,1003.6,973.9,64,18,83,99.0,50.0,12.6,71.0,3,21.0,0,27,30,23,0,0
1173,5901,197001,-2.0,5.9,-9.0,-0.1,-3.9,989.6,1004.7,962.8,12,11,83,98.0,56.0,14.8,89.0,8,23.0,1,25,26,19,0,0
1174,5901,197002,0.4,10.1,-12.0,3.6,-2.3,985.3,1000.5,972.3,109,22,77,97.0,41.0,16.9,97.0,12,64.0,0,15,19,6,0,0
1175,5901,197003,3.8,18.0,-8.0,7.2,0.7,987.3,1000.5,962.3,45,14,73,97.0,25.0,15.5,94.0,10,91.0,1,16,14,1,0,0
1176,5901,197004,9.4,25.3,-1.4,14.0,5.1,988.8,1006.0,969.6,48,16,65,98.0,26.0,16.6,96.0,7,143.0,1,11,2,0,1,0
1177,5901,197005,13.1,23.2,2.5,18.2,8.7,991.0,1003.6,978.9,20,15,65,95.0,29.0,15.5,85.0,6,212.0,1,6,0,0,0,0
1178,5901,197006,19.0,30.7,9.0,23.7,14.6,992.7,1001.2,986.3,55,13,67,96.0,28.0,13.0,76.0,3,240.0,4,7,0,0,14,1
1179,5901,197007,19.5,31.9,10.4,24.4,14.8,991.3,998.7,977.5,121,13,68,94.0,31.0,15.1,76.0,5,243.0,4,9,0,0,17,2
1180,5901,197008,19.1,30.5,10.2,23.9,15.0,991.3,998.8,984.4,53,11,73,96.0,39.0,10.4,79.0,3,205.0,5,4,0,0,11,1
1181,5901,197009,15.1,28.6,0.7,20.2,10.7,995.9,1011.2,983.7,24,11,70,96.0,33.0,11.5,90.0,4,212.0,6,3,0,0,5,0
1182,5901,197010,9.2,19.0,-0.7,12.7,6.5,995.1,1007.6,976.7,86,14,81,99.0,34.0,15.1,85.0,10,105.0,2,10,1,0,0,0
1183,5901,197011,7.3,21.7,1.0,10.3,4.6,991.5,1007.1,976.7,105,12,77,98.0,24.0,14.4,90.0,9,70.0,0,15,0,0,0,0
1184,5901,197012,1.0,9.5,-9.4,3.1,-1.0,997.0,1012.0,964.8,29,15,80,100.0,51.0,13.7,94.0,4,51.0,0,16,19,5,0,0
1185,5901,197101,-2.2,11.8,-12.7,1.0,-4.6,993.0,1013.2,970.1,17,6,83,99.0,44.0,9.7,69.0,3,68.0,4,14,24,17,0,0
1186,5901,197102,2.6,12.9,-9.0,5.7,0.5,992.7,1009.7,970.3,34,15,74,95.0,35.0,19.8,100.0,9,63.0,0,17,9,3,0,0
1187,5901,197103,2.3,18.7,-15.3,6.3,-0.7,989.1,1004.3,963.7,72,17,72,97.0,31.0,16.2,91.0,5,79.0,0,20,16,8,0,0
1188,5901,197104,10.7,22.3,0.6,16.0,6.4,988.7,1001.9,971.9,22,13,66,98.0,32.0,14.0,82.0,4,183.0,4,14,0,0,0,0
1189,5901,197105,15.7,27.9,4.5,21.1,10.8,988.7,1000.5,976.4,34,8,67,97.0,28.0,12.2,62.0,2,246.0,7,7,0,0,12,0
1190,5901,197106,16.7,27.2,9.0,21.6,12.7,988.4,1000.8,976.5,109,14,69,97.0,31.0,14.0,89.0,6,202.0,1,11,0,0,4,0
1191,5901,197107,20.1,31.5,9.4,25.7,15.1,994.2,1002.7,988.0,19,6,60,92.0,25.0,13.0,65.0,1,292.0,7,6,0,0,20,6
1192,5901,197108,21.0,34.9,11.4,27.3,16.2,992.2,1001.2,985.9,62,12,65,94.0,25.0,13.3,72.0,7,257.0,7,6,0,0,23,9
1193,5901,197109,13.7,24.9,5.7,18.6,10.0,997.6,1005.1,987.3,51,9,70,97.0,31.0,12.6,71.0,2,152.0,5,9,0,0,0,0
1194,5901,197110,9.4,21.3,-2.6,15.1,5.6,1002.1,1012.7,983.5,19,5,73,98.0,34.0,11.5,95.0,5,203.0,9,3,4,0,0,0
1195,5901,197111,4.8,17.9,-3.4,7.8,2.4,989.9,1007.5,968.0,64,15,78,100.0,28.0,15.5,99.0,10,58.0,1,15,8,1,0,0
1196,5901,197112,3.8,13.5,-4.0,6.5,1.8,1000.4,1009.7,983.1,28,14,80,100.0,29.0,17.6,91.0,12,55.0,1,16,10,1,0,0
1197,5901,197201,-2.2,3.0,-10.5,-0.3,-3.7,995.6,1007.5,976.9,31,12,85,99.0,49.0,13.3,79.0,4,31.0,1,24,24,12,0,0
1198,5901,197202,2.8,13.0,-7.5,5.1,1.1,991.6,1000.4,971.1,21,8,84,98.0,40.0,14.8,76.0,6,31.0,0,21,8,6,0,0
1199,5901,197203,7.4,20.1,-3.9,12.7,3.5,992.3,1011.9,974.5,31,7,66,97.0,25.0,14.0,92.0,6,168.0,7,12,4,1,0,0
1200,5901,197204,9.6,20.3,0.4,13.9,6.3,986.4,999.5,971.6,86,18,71,97.0,32.0,14.0,74.0,3,101.0,1,17,0,0,0,0
1201,5901,197205,14.3,27.7,5.5,19.7,10.1,989.0,997.9,977.9,131,22,73,98.0,27.0,10.4,72.0,3,159.0,1,10,0,0,2,0
1202,5901,197206,18.5,28.6,7.5,23.7,14.0,990.6,998.4,981.3,22,12,67,95.0,34.0,14.4,86.0,5,233.0,4,9,0,0,11,0
1203,5901,197207,20.0,31.7,10.8,24.8,15.9,992.1,999.5,987.1,114,15,70,96.0,34.0,13.3,99.0,3,217.0,1,9,0,0,15,8
1204,5901,197208,18.4,31.6,9.8,23.4,14.4,992.7,999.9,984.0,67,10,70,95.0,39.0,13.3,77.0,5,194.0,3,9,0,0,11,5
1205,5901,197209,12.8,25.4,5.0,17.8,9.3,994.2,1003.6,984.5,30,12,74,96.0,42.0,10.8,94.0,3,145.0,1,11,0,0,3,0
1206,5901,197210,7.7,16.2,-3.2,11.9,4.7,995.9,1007.5,981.7,34,5,74,98.0,36.0,13.0,70.0,4,138.0,5,10,1,0,0,0
1207,5901,197211,5.3,16.9,-2.2,8.8,3.1,993.9,1010.4,974.9,32,10,75,99.0,34.0,14.0,76.0,9,95.0,2,9,5,0,0,0
1208,5901,197212,0.3,10.7,-9.6,2.9,-1.5,1005.2,1017.3,986.4,3,6,81,98.0,43.0,13.3,61.0,1,90.0,6,16,19,8,0,0
1209,5901,197301,-0.2,5.3,-8.9,1.5,-1.5,1000.1,1013.3,981.5,43,13,82,98.0,48.0,11.9,81.0,2,42.0,2,25,21,4,0,0
1210,5901,197302,2.1,8.6,-4.4,4.5,0.4,988.6,1008.5,969.1,38,15,75,98.0,42.0,19.1,99.0,13,58.0,0,17,10,1,0,0
1211,5901,197303,5.5,19.0,-1.5,10.0,2.1,997.0,1005.1,985.6,46,16,67,96.0,24.0,16.2,73.0,4,127.0,1,14,7,0,0,0
1212,5901,197304,8.2,21.5,0.7,12.9,4.7,988.2,1003.1,969.9,129,12,65,98.0,22.0,17.3,85.0,9,132.0,1,17,0,0,0,0
1213,5901,197305,15.5,26.5,4.7,21.0,10.5,993.0,1001.2,982.4,17,8,60,95.0,28.0,14.0,83.0,4,267.0,0,5,0,0,4,0
1214,5901,197306,17.8,29.2,8.4,22.4,13.7,993.4,1003.7,984.9,101,15,66,97.0,29.0,13.0,79.0,2,177.0,2,13,0,0,6,0
1215,5901,197307,20.0,30.1,11.7,24.8,15.9,989.4,998.4,977.1,31,11,64,95.0,32.0,14.0,85.0,5,221.0,1,5,0,0,17,1
1216,5901,197308,20.0,32.5,10.3,26.5,14.8,995.3,1003.1,988.5,43,5,60,95.0,29.0,11.2,76.0,4,290.0,11,3,0,0,22,4
1217,5901,197309,16.1,31.1,6.7,21.8,12.1,993.7,1000.3,979.7,57,10,69,98.0,30.0,12.2,68.0,1,181.0,8,9,0,0,9,4
1218,5901,197310,8.5,19.5,-3.5,13.3,5.4,995.6,1013.7,970.1,34,11,77,98.0,33.0,14.0,84.0,9,159.0,7,7,6,0,0,0
1219,5901,197311,3.7,13.7,-5.4,7.3,1.1,995.0,1009.6,977.2,43,11,70,100.0,30.0,19.1,109.0,18,116.0,6,8,13,2,0,0
1220,5901,197312,1.1,12.4,-10.4,3.9,-1.3,991.7,1009.9,970.0,37,14,77,98.0,33.0,16.2,98.0,11,61.0,0,13,15,5,0,0
1221,5901,197401,2.2,9.0,-2.7,4.0,0.8,998.3,1005.1,989.1,78,16,88,100.0,46.0,15.1,95.0,6,34.0,1,25,10,2,0,0
1222,5901,197402,4.7,12.2,-1.5,8.2,2.2,988.0,1005.1,954.7,17,9,79,98.0,44.0,13.3,86.0,6,66.0,1,15,4,0,0,0
1223,5901,197403,8.0,22.8,-2.5,12.8,4.2,992.9,1004.1,980.3,10,7,69,95.0,28.0,12.6,69.0,2,136.0,6,12,3,0,0,0
1224,5901,197404,9.9,22.5,1.9,15.4,5.7,988.8,998.1,972.5,11,7,56,96.0,20.0,14.4,61.0,1,197.0,5,7,0,0,0,0
1225,5901,197405,13.8,28.0,6.0,18.5,9.9,988.0,999.2,970.1,47,16,65,96.0,26.0,16.2,77.0,7,174.0,1,13,0,0,2,0
1226,5901,197406,16.2,28.4,7.2,21.2,12.1,988.7,1001.6,975.9,85,18,67,95.0,29.0,16.6,90.0,9,179.0,1,12,0,0,5,0
1227,5901,197407,18.9,30.8,10.5,24.2,14.5,991.7,998.1,982.9,56,16,66,98.0,27.0,15.5,88.0,9,199.0,2,8,0,0,16,2
1228,5901,197408,21.0,36.1,11.7,27.0,16.3,992.7,999.3,983.3,19,11,68,96.0,32.0,11.9,87.0,6,233.0,6,7,0,0,21,9
1229,5901,197409,15.3,28.0,4.2,20.5,11.5,991.4,1006.4,971.7,14,10,72,96.0,32.0,11.9,94.0,7,147.0,4,8,0,0,5,0
1230,5901,197410,6.8,14.3,0.6,10.6,4.3,986.4,998.3,967.5,111,15,77,100.0,43.0,15.5,82.0,9,89.0,0,16,0,0,0,0
1231,5901,197411,4.5,11.9,-1.7,7.1,2.6,992.1,1007.5,966.1,47,18,83,99.0,51.0,13.0,76.0,10,71.0,0,15,3,0,0,0
1232,5901,197412,4.9,15.4,-2.5,7.5,2.8,994.7,1007.5,975.5,94,17,77,100.0,42.0,19.4,101.0,19,61.0,2,15,9,1,0,0
1233,5901,197501,3.5,12.1,-2.1,6.4,1.4,995.8,1008.7,977.5,33,8,80,100.0,41.0,14.8,100.0,10,76.0,1,15,10,0,0,0
1234,5901,197502,1.1,11.9,-7.7,5.3,-1.7,1001.4,1012.9,979.9,4,5,67,99.0,18.0,12.2,65.0,6,133.0,9,7,21,0,0,0
1235,5901,197503,6.1,17.8,-2.0,10.8,2.8,985.2,999.9,968.1,48,15,73,97.0,30.0,11.9,90.0,4,97.0,1,16,4,0,0,0
1236,5901,197504,9.5,23.3,-1.0,14.5,5.5,990.3,998.9,979.5,46,11,64,94.0,26.0,15.8,110.0,14,152.0,4,11,1,0,0,0
1237,5901,197505,16.0,27.5,7.0,21.4,11.5,990.4,1003.3,979.9,70,11,66,96.0,25.0,13.0,70.0,2,213.0,4,12,0,0,4,0
1238,5901,197506,17.2,29.8,6.5,22.1,12.9,991.3,1002.3,979.3,154,18,68,97.0,34.0,13.7,80.0,5,188.0,2,12,0,0,11,0
1239,5901,197507,20.1,29.6,11.0,25.1,15.8,991.5,998.9,984.4,121,14,69,97.0,34.0,14.8,89.0,8,235.0,4,4,0,0,19,0
1240,5901,197508,19.4,29.0,10.2,24.4,15.5,993.0,1000.4,985.6,52,14,71,97.0,36.0,12.2,67.0,3,208.0,2,5,0,0,16,0
1241,5901,197509,17.5,27.7,8.3,23.1,13.6,994.6,1005.6,978.8,13,5,77,98.0,41.0,10.4,94.0,3,210.0,6,3,0,0,6,0
1242,5901,197510,9.3,23.3,1.3,13.1,7.0,997.2,1008.1,981.6,51,14,80,99.0,50.0,13.3,89.0,3,108.0,3,14,0,0,0,0
1243,5901,197511,3.4,10.5,-8.5,5.8,1.8,994.8,1007.3,970.9,30,11,83,100.0,41.0,14.0,97.0,8,45.0,3,19,8,2,0,0
1244,5901,197512,1.2,8.4,-11.5,3.4,-0.6,998.5,1008.5,977.9,37,9,79,98.0,44.0,18.0,109.0,13,50.0,3,16,14,4,0,0
1245,5901,197601,2.0,13.4,-8.5,5.4,-0.8,990.4,1005.5,977.1,99,20,75,100.0,40.0,23.0,135.0,20,57.0,0,11,14,5,0,0
1246,5901,197602,0.2,14.8,-7.3,2.9,-1.8,999.4,1014.8,976.1,21,7,84,100.0,48.0,12.6,83.0,3,59.0,4,18,21,5,0,0
1247,5901,197603,2.8,19.5,-7.0,7.4,-0.6,995.2,1010.8,979.1,9,9,64,96.0,29.0,16.2,93.0,8,162.0,5,8,17,0,0,0
1248,5901,197604,10.4,24.0,-1.6,16.2,5.6,990.2,1001.2,981.1,36,8,62,98.0,24.0,13.3,68.0,5,188.0,7,9,1,0,0,0
1249,5901,197605,14.8,25.6,1.1,20.3,9.6,991.9,1001.3,984.4,93,14,64,97.0,25.0,14.8,80.0,10,242.0,7,10,0,0,1,0
1250,5901,197606,18.9,31.0,8.9,24.3,13.8,994.5,1001.9,983.1,55,10,57,96.0,27.0,11.2,81.0,2,302.0,8,6,0,0,17,1
1251,5901,197607,20.9,34.0,12.7,26.6,15.9,990.6,998.1,982.0,34,14,59,94.0,21.0,13.0,80.0,3,268.0,11,6,0,0,22,7
1252,5901,197608,16.8,26.8,8.4,22.5,12.8,994.2,999.6,984.9,44,16,72,98.0,33.0,12.2,74.0,3,198.0,2,6,0,0,5,0
1253,5901,197609,13.7,26.7,7.9,18.0,10.8,991.8,1004.5,981.1,79,15,79,98.0,39.0,13.3,78.0,4,94.0,1,15,0,0,1,0
1254,5901,197610,10.6,23.7,1.4,14.2,8.3,988.2,999.5,970.4,49,9,85,100.0,50.0,13.7,81.0,3,87.0,1,13,0,0,0,0
1255,5901,197611,6.4,16.4,-1.6,9.0,4.5,993.0,1005.3,978.3,69,17,84,98.0,45.0,14.0,100.0,6,45.0,1,18,3,0,0,0
1256,5901,197612,0.5,10.4,-11.5,2.7,-1.1,987.7,1003.2,948.8,35,15,80,100.0,37.0,15.1,96.0,10,37.0,0,19,17,9,0,0
1257,5901,197701,0.2,11.4,-8.1,2.3,-1.5,991.1,1013.3,970.9,59,17,86,100.0,41.0,12.2,78.0,4,39.0,0,26,19,6,0,0
1258,5901,197702,3.5,16.7,-6.5,7.0,1.0,987.4,1005.5,970.3,60,14,78,98.0,39.0,13.3,84.0,6,76.0,3,16,10,5,0,0
1259,5901,197703,8.9,24.5,-2.9,14.4,4.8,994.7,1009.6,974.7,60,11,67,99.0,26.0,15.1,94.0,11,158.0,3,10,4,0,0,0
1260,5901,197704,8.8,26.1,-1.0,14.1,5.0,989.4,1005.7,975.6,50,11,66,97.0,30.0,15.8,93.0,9,151.0,0,13,2,0,1,0
1261,5901,197705,15.0,28.0,5.6,20.4,10.3,991.5,1002.3,979.2,21,9,63,97.0,28.0,12.6,70.0,6,220.0,3,10,0,0,6,0
1262,5901,197706,19.1,30.0,5.0,24.4,14.6,989.4,1000.4,982.5,41,9,63,95.0,30.0,15.1,74.0,5,250.0,4,6,0,0,15,1
1263,5901,197707,19.7,30.0,10.9,25.1,14.9,989.2,998.4,972.1,89,14,64,98.0,28.0,13.3,77.0,5,225.0,2,10,0,0,14,1
1264,5901,197708,18.2,28.3,9.7,23.1,14.4,989.4,996.4,969.6,98,13,75,97.0,38.0,13.7,75.0,8,176.0,4,13,0,0,9,0
1265,5901,197709,13.6,26.8,3.1,18.3,10.2,997.3,1008.8,987.9,44,12,74,97.0,36.0,13.3,77.0,6,144.0,2,10,0,0,8,0
1266,5901,197710,10.9,25.2,2.7,15.4,7.7,996.6,1005.3,981.2,13,6,82,100.0,37.0,9.7,94.0,4,124.0,5,8,0,0,1,0
1267,5901,197711,6.4,20.7,-5.4,10.1,3.9,988.3,1003.6,970.0,21,15,75,98.0,25.0,15.5,92.0,16,81.0,2,11,5,1,0,0
1268,5901,197712,0.1,9.1,-7.1,2.0,-1.4,998.2,1012.3,973.1,25,13,82,98.0,42.0,15.5,103.0,10,29.0,1,24,21,11,0,0
1269,5901,197801,0.9,8.3,-5.5,3.5,-1.2,991.1,1012.4,966.9,26,10,76,97.0,40.0,15.8,97.0,12,52.0,2,19,20,3,0,0
1270,5901,197802,-0.6,15.2,-14.5,2.5,-3.0,986.9,1000.7,971.3,30,14,77,97.0,36.0,14.0,72.0,6,52.0,0,18,21,8,0,0
1271,5901,197803,6.9,21.4,-1.6,11.2,3.7,988.7,1001.9,972.3,39,15,69,98.0,29.0,17.3,85.0,11,123.0,1,13,2,0,0,0
1272,5901,197804,8.8,21.4,-2.5,14.1,4.7,986.7,998.5,973.5,30,12,65,96.0,24.0,12.6,68.0,2,167.0,4,10,2,0,0,0
1273,5901,197805,13.3,24.3,1.0,17.8,9.5,989.4,1000.3,971.1,98,20,69,99.0,32.0,16.6,89.0,7,153.0,0,12,0,0,0,0
1274,5901,197806,17.3,28.3,7.7,22.8,12.0,990.2,999.6,979.2,46,12,62,95.0,24.0,13.7,83.0,5,221.0,4,7,0,0,9,0
1275,5901,197807,18.1,30.0,8.7,23.7,13.2,992.2,999.7,981.1,36,13,65,93.0,30.0,13.0,66.0,2,218.0,5,5,0,0,12,1
1276,5901,197808,18.1,30.0,8.5,23.8,13.4,993.1,1000.8,972.4,28,10,63,95.0,30.0,13.3,112.0,5,237.0,5,5,0,0,14,1
1277,5901,197809,14.9,26.8,7.5,19.5,11.4,992.0,1001.9,983.1,44,16,68,95.0,30.0,18.4,100.0,14,158.0,2,12,0,0,3,0
1278,5901,197810,10.5,22.0,2.3,14.7,7.3,997.8,1006.1,983.9,21,8,76,97.0,41.0,14.0,99.0,7,124.0,4,8,0,0,0,0
1279,5901,197811,2.5,11.3,-2.4,4.7,0.8,1003.8,1013.1,978.7,32,5,86,98.0,49.0,12.2,83.0,2,33.0,1,23,15,1,0,0
1280,5901,197812,1.1,14.2,-10.1,3.7,-1.2,987.5,1006.7,964.4,20,17,80,99.0,45.0,14.0,81.0,7,31.0,1,20,17,6,0,0
1281,5901,197901,-3.2,11.0,-12.8,-0.3,-5.7,989.3,1012.0,962.8,40,18,79,97.0,40.0,14.8,105.0,8,56.0,2,15,28,16,0,0
1282,5901,197902,1.1,9.1,-5.3,4.1,-0.9,989.0,1009.7,967.1,55,16,79,99.0,36.0,12.2,76.0,3,62.0,2,16,15,1,0,0
1283,5901,197903,6.4,18.9,-5.7,11.5,2.5,986.0,1006.3,964.9,112,11,73,95.0,23.0,13.3,99.0,12,121.0,1,13,7,0,0,0
1284,5901,197904,8.5,21.0,-0.3,13.7,4.5,988.0,1002.0,975.5,72,14,68,95.0,24.0,13.7,84.0,5,164.0,3,12,1,0,0,0
1285,5901,197905,15.5,29.3,1.2,21.3,9.7,993.9,1006.1,976.7,10,7,57,93.0,27.0,13.3,88.0,9,314.0,10,3,0,0,13,0
1286,5901,197906,19.8,30.9,10.0,25.1,15.3,992.5,1001.1,981.1,159,17,67,97.0,28.0,13.0,100.0,7,206.0,3,9,0,0,17,5
1287,5901,197907,17.7,28.4,11.0,22.1,14.0,994.0,1001.6,986.0,64,20,71,95.0,42.0,14.4,74.0,4,147.0,0,15,0,0,5,0
1288,5901,197908,18.4,31.4,7.0,23.6,14.3,991.0,1003.1,982.9,35,9,68,93.0,37.0,12.6,90.0,6,229.0,3,6,0,0,11,1
1289,5901,197909,15.1,26.4,4.4,20.5,11.2,995.6,1003.2,982.1,33,7,75,97.0,36.0,12.6,71.0,5,205.0,9,10,0,0,6,0
1290,5901,197910,8.3,23.0,-2.6,12.6,5.1,994.3,1005.3,978.1,15,8,74,96.0,31.0,13.7,77.0,7,154.0,6,8,3,0,0,0
1291,5901,197911,5.0,16.1,-3.1,7.9,2.7,991.9,1006.9,970.3,107,22,80,97.0,24.0,15.1,106.0,9,39.0,0,19,4,0,0,0
1292,5901,197912,4.8,15.9,-2.3,7.7,2.4,990.5,1006.8,965.3,45,16,78,98.0,30.0,14.8,105.0,14,49.0,0,13,7,1,0,0
1293,5901,198001,-3.1,5.8,-12.7,-0.8,-4.9,993.7,1013.7,974.3,25,16,80,98.0,48.0,13.0,88.0,5,48.0,2,19,28,18,0,0
1294,5901,198002,2.6,10.2,-4.5,5.9,0.1,997.5,1013.6,975.2,38,12,79,98.0,34.0,13.3,88.0,6,87.0,6,12,15,0,0,0
1295,5901,198003,4.2,18.2,-5.5,8.0,1.5,988.1,998.3,972.9,39,15,73,97.0,35.0,14.4,93.0,6,92.0,1,18,9,0,0,0
1296,5901,198004,7.3,20.7,0.7,11.4,3.9,990.0,1002.0,972.5,125,18,72,95.0,28.0,16.2,87.0,5,120.0,5,19,0,0,0,0
1297,5901,198005,12.5,24.8,2.7,17.3,8.0,989.3,1001.9,976.9,18,10,60,92.0,25.0,13.3,63.0,1,240.0,3,5,0,0,0,0
1298,5901,198006,17.7,30.0,8.6,22.5,13.3,988.5,996.4,980.7,53,15,64,96.0,30.0,16.9,92.0,5,190.0,1,10,0,0,6,1
1299,5901,198007,18.5,27.7,10.0,23.5,14.3,988.9,997.5,976.0,73,15,67,94.0,32.0,16.2,91.0,8,175.0,3,15,0,0,10,0
1300,5901,198008,19.2,30.6,7.1,24.4,14.9,992.3,999.3,983.9,40,11,67,96.0,37.0,13.0,80.0,4,209.0,4,8,0,0,14,3
1301,5901,198009,14.7,24.1,6.5,19.1,11.3,996.7,1003.7,988.8,40,8,77,98.0,41.0,11.5,62.0,1,133.0,2,8,0,0,0,0
1302,5901,198010,9.5,21.0,0.0,14.0,6.3,989.8,1006.1,972.3,73,11,76,97.0,38.0,13.3,76.0,5,117.0,2,11,0,0,0,0
1303,5901,198011,3.4,18.5,-5.2,6.7,0.9,993.0,1008.4,977.2,75,13,78,98.0,33.0,13.7,71.0,2,66.0,1,18,12,3,0,0
1304,5901,198012,1.3,12.9,-8.6,4.1,-0.9,994.0,1012.9,964.8,25,14,72,97.0,31.0,17.3,84.0,8,83.0,3,13,16,7,0,0
1305,5901,198101,-0.7,10.1,-11.9,2.5,-3.3,994.7,1017.1,962.0,23,14,68,94.0,35.0,17.6,124.0,9,92.0,4,15,27,7,0,0
1306,5901,198102,1.8,13.0,-5.5,5.0,-0.3,995.3,1009.2,966.4,19,10,69,96.0,22.0,15.1,78.0,7,105.0,4,12,16,1,0,0
1307,5901,198103,8.7,20.5,-0.7,13.1,5.3,988.1,998.1,975.5,21,12,67,96.0,24.0,15.1,91.0,8,129.0,1,18,3,0,0,0
1308,5901,198104,9.9,24.3,-1.1,15.2,5.4,993.0,1001.9,978.3,21,8,57,95.0,15.0,13.0,76.0,3,190.0,6,11,2,0,0,0
1309,5901,198105,15.2,27.0,4.8,20.3,10.4,989.2,1000.4,971.9,43,12,65,95.0,23.0,13.7,71.0,6,197.0,2,10,0,0,4,0
1310,5901,198106,19.0,31.3,7.5,24.2,14.5,992.2,1001.6,984.0,48,12,62,97.0,26.0,15.8,71.0,4,204.0,1,10,0,0,16,3
1311,5901,198107,19.5,30.3,10.7,24.8,14.8,991.8,1000.4,966.9,83,12,64,96.0,30.0,15.8,80.0,8,200.0,1,8,0,0,18,3
1312,5901,198108,19.7,32.3,10.0,25.2,15.3,993.8,1006.1,980.4,38,11,64,93.0,31.0,12.2,73.0,1,240.0,5,7,0,0,18,5
1313,5901,198109,15.5,25.5,7.8,20.5,11.9,993.7,1004.1,982.0,99,13,80,98.0,35.0,10.8,88.0,3,150.0,4,10,0,0,1,0
1314,5901,198110,10.4,19.8,1.4,14.5,7.6,989.9,1003.1,976.4,44,12,79,98.0,42.0,13.0,94.0,5,116.0,2,10,0,0,0,0
1315,5901,198111,5.5,17.4,-2.6,8.3,3.3,997.4,1005.5,980.8,57,22,76,97.0,36.0,17.6,79.0,10,57.0,0,15,5,0,0,0
1316,5901,198112,-0.2,9.7,-13.9,2.5,-2.5,980.1,1003.1,963.2,70,16,79,100.0,43.0,16.6,97.0,11,42.0,0,22,22,9,0,0
1317,5901,198201,-3.1,11.8,-14.5,-0.5,-5.2,996.6,1014.4,973.6,57,20,82,100.0,43.0,15.1,92.0,8,40.0,1,19,23,19,0,0
1318,5901,198202,-1.1,8.0,-7.6,1.7,-3.1,999.5,1012.9,981.1,14,7,78,96.0,32.0,12.6,76.0,1,72.0,5,11,25,11,0,0
1319,5901,198203,6.3,19.5,-1.0,10.7,3.1,993.8,1009.5,973.1,22,7,63,96.0,28.0,13.3,84.0,3,170.0,5,8,1,0,0,0
1320,5901,198204,8.3,20.1,0.4,13.4,4.1,992.0,999.5,979.9,18,14,56,93.0,26.0,15.8,80.0,6,195.0,4,7,0,0,0,0
1321,5901,198205,15.4,26.7,2.1,20.7,10.1,995.3,1006.1,984.1,62,13,62,95.0,29.0,13.7,96.0,4,245.0,9,7,0,0,4,0
1322,5901,198206,19.0,30.6,8.4,24.1,14.2,990.6,1004.1,965.7,60,12,61,93.0,32.0,14.0,75.0,4,238.0,3,6,0,0,14,2
1323,5901,198207,20.6,31.1,12.5,25.6,16.1,993.1,999.9,985.5,72,17,67,93.0,32.0,12.2,83.0,2,210.0,3,9,0,0,20,3
1324,5901,198208,20.0,32.0,11.3,25.2,15.8,992.2,1000.0,982.5,20,9,70,94.0,33.0,12.6,65.0,2,212.0,3,9,0,0,17,1
1325,5901,198209,18.0,28.7,9.2,23.5,14.0,995.8,1005.1,985.9,30,3,74,95.0,36.0,10.1,54.0,0,208.0,13,4,0,0,13,0
1326,5901,198210,10.7,18.5,3.0,14.1,8.2,992.0,1011.1,967.7,57,12,86,99.0,51.0,10.4,73.0,1,87.0,1,15,0,0,0,0
1327,5901,198211,5.4,14.3,-2.4,8.2,3.5,996.4,1007.2,982.7,8,7,83,97.0,44.0,10.8,75.0,4,73.0,4,16,4,0,0,0
1328,5901,198212,2.8,14.9,-3.5,5.1,0.9,991.8,1014.1,966.0,52,17,83,100.0,40.0,14.4,78.0,6,29.0,0,21,9,0,0,0
1329,5901,198301,5.2,15.0,-3.4,8.1,2.6,997.7,1012.7,973.1,58,18,72,97.0,29.0,20.9,96.0,18,58.0,2,15,7,0,0,0
1330,5901,198302,-0.9,13.4,-10.9,2.7,-3.3,993.3,1012.9,968.8,48,15,73,97.0,33.0,14.0,98.0,5,97.0,2,11,24,6,0,0
1331,5901,198303,6.8,18.0,-3.4,11.3,3.4,991.6,1009.3,969.3,8,8,64,97.0,33.0,16.6,95.0,6,134.0,3,12,4,0,0,0
1332,5901,198304,12.0,25.0,0.9,17.1,7.5,985.7,996.9,969.6,67,15,67,97.0,29.0,14.4,83.0,6,145.0,1,10,0,0,1,0
1333,5901,198305,15.9,30.7,4.5,21.3,11.1,986.2,996.4,970.8,69,12,64,98.0,29.0,14.8,82.0,9,223.0,2,11,0,0,6,1
1334,5901,198306,18.2,30.2,8.3,23.3,13.4,993.9,1003.3,983.5,108,15,66,98.0,30.0,13.0,80.0,3,214.0,4,8,0,0,13,1
1335,5901,198307,23.3,36.0,11.0,29.3,17.6,992.2,998.5,985.1,6,4,54,93.0,25.0,12.6,62.0,1,296.0,11,1,0,0,28,13
1336,5901,198308,20.5,33.5,10.9,26.4,15.8,992.1,999.2,981.1,29,11,63,96.0,28.0,12.2,72.0,1,219.0,8,7,0,0,23,6
1337,5901,198309,15.9,29.8,5.9,21.9,11.4,993.4,1006.5,978.1,52,11,68,98.0,29.0,12.2,64.0,2,215.0,4,4,0,0,5,0
1338,5901,198310,10.7,26.4,0.2,15.5,7.4,997.7,1012.5,981.5,27,8,72,98.0,34.0,11.9,80.0,4,163.0,4,8,0,0,1,0
1339,5901,198311,3.0,13.3,-9.6,6.7,0.4,995.1,1006.8,961.2,18,10,76,97.0,35.0,13.0,98.0,4,89.0,6,11,14,1,0,0
1340,5901,198312,1.1,15.0,-10.8,4.4,-1.5,995.2,1013.7,970.9,19,12,77,98.0,31.0,15.1,94.0,5,78.0,1,12,18,8,0,0
1341,5901,198401,1.5,12.7,-5.8,4.3,-0.5,989.3,1002.8,965.4,29,20,73,98.0,30.0,15.1,98.0,7,83.0,0,13,17,2,0,0
1342,5901,198402,0.6,15.3,-8.8,3.1,-1.4,995.7,1011.3,966.1,60,16,77,98.0,33.0,14.0,84.0,4,50.0,2,16,15,4,0,0
1343,5901,198403,4.2,19.9,-5.0,8.8,0.8,990.5,1004.7,975.8,48,9,64,95.0,23.0,15.1,72.0,3,148.0,5,11,12,0,0,0
1344,5901,198404,9.2,22.5,0.4,14.3,5.1,992.1,1003.1,976.2,51,15,63,97.0,22.0,14.4,81.0,6,162.0,3,10,0,0,0,0
1345,5901,198405,13.7,26.2,4.6,18.9,9.0,983.6,992.5,967.4,57,17,70,98.0,34.0,12.2,66.0,2,162.0,1,13,0,0,3,0
1346,5901,198406,17.2,29.9,7.6,22.4,12.4,990.5,1002.2,978.7,40,15,62,96.0,33.0,14.0,79.0,6,209.0,2,10,0,0,10,0
1347,5901,198407,18.2,33.2,8.4,23.1,13.6,993.4,1000.3,983.9,73,14,67,96.0,32.0,13.0,87.0,3,213.0,9,5,0,0,10,5
1348,5901,198408,18.9,31.4,9.4,24.3,14.3,992.7,1000.1,982.6,45,10,69,94.0,32.0,11.5,71.0,1,262.0,5,4,0,0,11,2
1349,5901,198409,14.7,30.2,6.8,18.8,11.8,987.3,995.5,971.5,69,15,80,96.0,34.0,11.2,82.0,4,104.0,3,16,0,0,5,1
1350,5901,198410,11.0,20.6,0.7,15.4,7.8,995.1,1007.9,974.9,47,9,81,98.0,44.0,10.1,71.0,2,117.0,4,8,0,0,0,0
1351,5901,198411,5.6,19.4,-1.5,8.4,3.8,991.4,1005.7,974.3,38,10,86,99.0,44.0,12.2,108.0,4,63.0,3,16,5,0,0,0
1352,5901,198412,0.6,7.7,-4.4,2.4,-0.9,1000.3,1010.1,988.2,30,11,89,98.0,59.0,10.1,80.0,2,24.0,2,23,18,9,0,0
1353,5901,198501,-5.5,10.5,-19.6,-2.7,-7.6,989.1,1004.9,976.2,40,15,78,97.0,44.0,11.5,63.0,2,51.0,3,12,29,21,0,0
1354,5901,198502,-2.5,9.6,-17.2,1.0,-5.1,996.2,1010.1,977.5,29,14,69,95.0,31.0,15.8,98.0,6,97.0,3,12,21,12,0,0
1355,5901,198503,4.0,19.5,-1.6,7.3,1.4,990.5,1008.1,971.9,47,17,80,99.0,15.0,11.2,70.0,3,68.0,0,21,7,0,0,0
1356,5901,198504,10.5,21.9,2.5,16.1,6.1,987.3,1003.7,973.8,17,13,60,93.0,25.0,15.1,80.0,9,178.0,4,10,0,0,0,0
1357,5901,198505,16.1,27.7,2.5,21.1,11.6,987.2,995.9,977.9,70,13,68,94.0,39.0,14.0,74.0,4,190.0,4,8,0,0,8,0
1358,5901,198506,16.3,30.2,7.8,21.1,12.1,989.8,996.5,982.3,66,19,68,94.0,35.0,13.3,83.0,4,179.0,0,8,0,0,4,1
1359,5901,198507,20.8,33.4,11.1,26.8,15.2,993.0,1003.5,978.7,37,11,62,94.0,30.0,11.2,82.0,3,281.0,5,3,0,0,20,6
1360,5901,198508,19.5,32.0,10.2,25.2,15.1,991.8,999.9,975.3,132,14,71,95.0,37.0,13.0,81.0,5,214.0,9,8,0,0,17,4
1361,5901,198509,15.9,28.0,7.3,21.6,12.0,996.3,1005.7,985.4,27,7,71,95.0,31.0,10.4,87.0,2,221.0,5,4,0,0,7,0
1362,5901,198510,9.7,22.8,0.1,14.1,6.8,1000.6,1009.9,987.0,16,8,79,98.0,45.0,10.8,57.0,0,138.0,5,8,0,0,0,0
1363,5901,198511,2.2,14.0,-9.4,4.9,0.3,991.1,1010.7,972.5,103,19,83,98.0,40.0,10.4,86.0,2,57.0,3,17,10,5,0,0
1364,5901,198512,3.7,12.0,-3.8,6.3,1.7,993.2,1008.9,972.3,64,16,84,99.0,51.0,12.2,102.0,7,21.0,0,23,7,1,0,0
1365,5901,198601,0.7,12.9,-10.1,3.9,-1.7,986.4,1005.5,963.8,43,16,76,99.0,45.0,16.6,113.0,12,77.0,3,15,20,5,0,0
1366,5901,198602,-4.9,3.9,-14.9,-2.1,-7.0,990.9,1010.1,972.7,36,13,77,97.0,47.0,12.6,69.0,1,73.0,3,13,25,20,0,0
1367,5901,198603,3.7,18.8,-8.7,7.5,0.7,993.6,1005.3,969.9,14,12,78,97.0,28.0,11.2,70.0,3,87.0,3,17,11,2,0,0
1368,5901,198604,11.6,27.8,-2.0,17.6,6.6,985.0,993.8,971.0,14,8,61,91.0,21.0,13.0,81.0,3,163.0,1,12,4,0,6,0
1369,5901,198605,17.2,27.4,7.6,22.6,12.4,993.3,1003.9,986.2,54,15,67,94.0,29.0,13.3,70.0,3,234.0,8,11,0,0,8,0
1370,5901,198606,18.2,30.1,5.3,23.4,13.2,991.4,999.8,977.8,57,12,63,93.0,34.0,13.7,71.0,6,250.0,2,6,0,0,13,1
1371,5901,198607,19.6,32.3,10.9,25.4,14.4,992.5,1000.7,979.0,37,10,61,94.0,31.0,11.5,85.0,4,251.0,6,8,0,0,17,5
1372,5901,198608,20.0,32.7,10.3,25.8,15.6,990.9,1000.2,978.9,136,14,69,95.0,36.0,12.2,73.0,4,241.0,6,6,0,0,18,7
1373,5901,198609,15.0,28.2,4.4,20.7,10.9,995.9,1010.7,986.3,34,7,69,96.0,38.0,10.4,55.0,0,211.0,7,7,0,0,4,0
1374,5901,198610,10.4,22.2,1.6,15.4,6.9,996.2,1007.0,975.1,33,9,74,96.0,32.0,10.8,91.0,3,179.0,9,8,0,0,0,0
1375,5901,198611,5.4,13.4,-0.3,8.4,3.2,999.3,1013.1,979.0,41,11,85,98.0,43.0,10.8,80.0,2,72.0,3,11,1,0,0,0
1376,5901,198612,0.6,12.1,-12.7,3.0,-1.3,993.8,1009.5,965.9,47,17,83,97.0,48.0,16.2,118.0,11,49.0,0,17,21,9,0,0
1377,5901,198701,-4.4,10.6,-19.4,-1.3,-6.9,992.5,1010.9,974.7,86,20,80,95.0,48.0,15.8,91.0,13,58.0,3,15,28,17,0,0
1378,5901,198702,0.3,11.1,-16.8,3.4,-2.0,990.5,1004.1,975.4,73,14,80,97.0,31.0,11.2,76.0,3,79.0,4,12,13,6,0,0
1379,5901,198703,0.3,17.7,-14.7,4.7,-2.8,992.8,1005.7,975.9,53,14,69,95.0,32.0,12.6,61.0,1,141.0,7,15,20,9,0,0
1380,5901,198704,10.8,23.7,1.2,15.5,6.7,992.8,1008.1,976.9,17,10,63,94.0,28.0,13.7,78.0,3,166.0,5,14,0,0,0,0
1381,5901,198705,13.2,26.2,4.9,18.1,9.1,988.2,995.9,977.7,108,16,70,94.0,22.0,13.3,93.0,5,157.0,1,12,0,0,3,0
1382,5901,198706,17.9,29.4,7.7,22.6,13.5,990.3,1002.5,975.8,119,15,70,94.0,34.0,14.4,67.0,2,194.0,1,12,0,0,10,0
1383,5901,198707,20.9,32.6,10.3,26.3,16.0,991.1,1000.5,976.1,75,12,66,98.0,33.0,11.5,80.0,4,280.0,5,5,0,0,22,4
1384,5901,198708,18.0,28.0,9.4,22.8,14.3,991.5,997.9,985.3,44,16,73,95.0,34.0,11.2,71.0,4,193.0,3,8,0,0,7,0
1385,5901,198709,17.8,31.1,4.7,23.0,14.0,993.7,1002.7,979.3,37,8,72,94.0,34.0,11.2,108.0,3,169.0,5,4,0,0,12,1
1386,5901,198710,10.8,22.8,0.5,14.7,8.0,995.3,1008.1,977.9,27,8,78,96.0,41.0,13.3,82.0,4,110.0,1,11,0,0,0,0
1387,5901,198711,5.5,12.9,-1.6,8.1,3.5,991.8,1012.2,971.0,29,17,82,97.0,51.0,13.0,73.0,5,47.0,0,17,3,0,0,0
1388,5901,198712,2.9,14.0,-7.9,4.9,1.3,996.4,1007.3,981.4,63,12,79,97.0,39.0,16.6,80.0,11,63.0,2,19,13,6,0,0
1389,5901,198801,3.0,13.7,-3.2,5.9,0.9,990.1,1007.9,964.3,19,15,85,97.0,48.0,11.5,66.0,2,50.0,2,19,10,3,0,0
1390,5901,198802,3.3,14.0,-3.6,6.9,0.7,988.0,1011.5,970.6,69,17,75,96.0,38.0,15.1,85.0,13,97.0,2,14,10,0,0,0
1391,5901,198803,4.1,16.7,-5.0,7.9,1.4,985.7,1002.2,966.5,68,23,71,95.0,34.0,15.5,90.0,10,107.0,2,17,10,0,0,0
1392,5901,198804,10.2,23.2,-1.1,15.5,5.5,991.1,1001.0,982.4,28,7,62,95.0,28.0,12.2,71.0,5,195.0,7,10,3,0,0,0
1393,5901,198805,16.2,25.6,7.0,21.5,11.3,990.0,1001.2,981.0,42,9,65,94.0,37.0,11.9,66.0,3,214.0,4,10,0,0,2,0
1394,5901,198806,17.9,29.7,10.2,22.8,13.2,988.7,995.7,981.8,34,11,69,95.0,35.0,11.9,61.0,1,213.0,0,8,0,0,9,0
1395,5901,198807,21.3,36.0,12.4,27.6,15.9,991.3,999.6,977.5,57,14,63,95.0,31.0,12.2,94.0,8,292.0,6,3,0,0,23,10
1396,5901,198808,20.2,32.5,10.7,26.1,15.4,990.5,998.0,980.6,65,11,69,96.0,32.0,10.8,66.0,2,259.0,2,6,0,0,21,9
1397,5901,198809,15.3,26.9,9.0,19.8,12.1,993.7,1003.7,973.0,92,14,80,98.0,38.0,12.2,74.0,1,123.0,2,15,0,0,1,0
1398,5901,198810,10.4,22.3,-1.4,14.4,7.7,995.8,1006.6,977.9,10,6,79,96.0,43.0,10.8,61.0,1,131.0,7,11,2,0,0,0
1399,5901,198811,1.7,11.9,-7.4,5.1,-0.7,997.1,1010.1,976.3,50,10,80,96.0,36.0,14.8,95.0,6,70.0,3,12,17,3,0,0
1400,5901,198812,3.7,12.6,-9.5,6.5,1.4,995.2,1012.5,974.8,71,22,78,97.0,43.0,19.8,111.0,17,84.0,1,15,7,2,0,0
1401,5901,198901,1.3,10.9,-5.1,4.3,-0.9,1007.3,1017.8,986.4,15,8,87,96.0,43.0,10.1,71.0,3,82.0,2,13,22,6,0,0
1402,5901,198902,4.9,16.1,-1.6,8.4,2.3,996.0,1015.8,946.9,29,13,80,96.0,41.0,13.7,71.0,8,60.0,2,17,3,0,0,0
1403,5901,198903,8.7,25.5,1.1,13.9,4.8,991.9,1001.7,976.3,23,12,68,95.0,26.0,11.5,73.0,8,145.0,3,11,0,0,1,0
1404,5901,198904,10.9,24.5,0.5,16.4,6.4,984.7,993.1,972.4,89,14,71,95.0,27.0,16.2,87.0,12,140.0,2,13,0,0,0,0
1405,5901,198905,14.9,25.6,4.9,20.1,10.2,994.7,1003.8,982.3,92,14,66,97.0,32.0,13.0,86.0,4,241.0,6,9,0,0,3,0
1406,5901,198906,16.7,27.5,8.7,21.4,12.4,991.4,998.1,982.0,82,16,72,96.0,34.0,13.0,70.0,4,182.0,1,9,0,0,4,0
1407,5901,198907,20.7,32.0,10.1,25.7,16.2,993.5,1000.1,985.0,51,16,67,94.0,32.0,10.8,73.0,2,210.0,2,8,0,0,18,2
1408,5901,198908,19.5,31.6,10.4,24.3,15.6,990.1,998.6,982.0,142,15,75,95.0,36.0,12.2,73.0,4,187.0,2,9,0,0,18,2
1409,5901,198909,15.6,26.8,8.1,20.3,12.3,993.9,1003.1,986.0,55,8,83,96.0,40.0,11.9,66.0,2,152.0,6,11,0,0,3,0
1410,5901,198910,10.9,22.8,2.1,16.2,7.4,995.3,1006.0,981.1,25,9,79,96.0,38.0,11.2,76.0,5,179.0,6,7,0,0,0,0
1411,5901,198911,3.5,18.8,-7.6,6.8,1.3,994.0,1010.8,974.1,24,8,78,96.0,24.0,14.0,97.0,6,100.0,8,8,15,2,0,0
1412,5901,198912,2.1,16.1,-9.9,5.6,-0.8,993.3,1017.2,970.5,6,7,81,96.0,34.0,11.2,86.0,7,87.0,4,13,19,4,0,0
1413,5901,199001,0.6,13.8,-9.8,3.6,-1.7,1000.3,1014.2,980.8,3,4,80,97.0,33.0,10.8,80.0,3,47.0,2,18,18,12,0,0
1414,5901,199002,5.7,19.1,-0.8,10.7,1.9,991.9,1015.8,958.6,73,10,73,96.0,31.0,11.9,104.0,7,141.0,10,7,4,0,0,0
1415,5901,199003,9.5,24.3,0.9,15.1,5.3,1000.4,1015.2,966.3,33,10,60,96.0,25.0,15.1,105.0,11,167.0,6,10,0,0,0,0
1416,5901,199004,9.3,22.6,-0.2,14.1,5.6,989.0,1007.1,976.6,91,15,71,97.0,32.0,13.0,70.0,5,144.0,2,13,1,0,0,0
1417,5901,199005,16.3,26.0,6.2,22.1,11.0,994.3,1007.9,984.3,42,8,61,97.0,32.0,10.1,50.0,0,272.0,3,4,0,0,6,0
1418,5901,199006,18.3,32.3,8.9,23.8,13.4,989.9,1000.2,979.5,65,15,69,97.0,33.0,12.6,89.0,4,197.0,1,9,0,0,10,2
1419,5901,199007,19.8,32.1,10.1,25.6,14.5,993.4,1003.1,980.7,50,9,61,92.0,27.0,11.5,84.0,2,266.0,5,6,0,0,18,3
1420,5901,199008,21.2,33.5,12.4,28.0,15.5,994.3,1001.8,986.4,14,8,59,94.0,26.0,11.2,80.0,2,296.0,6,5,0,0,25,11
1421,5901,199009,13.8,26.3,5.3,18.6,10.4,992.1,1003.4,976.2,69,17,76,98.0,38.0,11.9,61.0,2,124.0,1,12,0,0,1,0
1422,5901,199010,10.6,24.5,-1.5,15.5,7.2,992.4,1005.3,962.6,33,7,79,97.0,31.0,10.8,98.0,2,153.0,10,8,2,0,0,0
1423,5901,199011,6.3,15.9,-0.9,9.4,4.1,989.7,1003.8,974.8,51,17,84,96.0,45.0,11.9,82.0,4,47.0,1,18,1,0,0,0
1424,5901,199012,0.7,7.3,-7.3,2.6,-1.1,994.4,1005.8,970.8,44,18,86,98.0,51.0,14.4,69.0,5,32.0,0,20,17,2,0,0
1425,5901,199101,1.2,13.9,-10.8,4.4,-1.3,1001.6,1014.3,983.5,6,8,80,96.0,41.0,9.4,64.0,2,80.0,6,14,17,5,0,0
1426,5901,199102,-2.1,12.1,-15.9,2.3,-5.4,994.7,1010.3,968.3,16,9,74,97.0,37.0,10.4,85.0,3,107.0,4,7,25,9,0,0
1427,5901,199103,7.2,21.5,0.3,11.5,4.2,991.6,1007.3,974.9,26,12,80,95.0,41.0,10.8,76.0,1,86.0,4,18,0,0,0,0
1428,5901,199104,9.3,19.7,-0.1,14.6,5.0,991.0,1005.0,975.9,27,11,68,93.0,31.0,11.9,62.0,1,152.0,0,7,1,0,0,0
1429,5901,199105,12.0,23.6,3.7,16.5,8.1,991.2,1002.4,981.4,178,15,68,96.0,39.0,14.8,69.0,5,168.0,1,12,0,0,0,0
1430,5901,199106,17.7,30.2,6.9,23.2,12.5,989.8,1001.3,977.5,48,14,67,95.0,37.0,13.3,87.0,6,235.0,1,7,0,0,11,1
1431,5901,199107,21.7,33.9,10.0,26.9,16.9,991.3,1001.6,984.1,81,10,67,95.0,35.0,13.0,67.0,3,249.0,5,7,0,0,21,7
1432,5901,199108,20.3,31.0,11.7,25.2,16.2,993.8,1000.7,981.6,50,10,69,94.0,34.0,11.9,73.0,2,215.0,3,7,0,0,14,4
1433,5901,199109,16.8,27.7,9.3,22.3,12.7,993.1,1005.0,977.0,16,11,72,94.0,34.0,11.2,62.0,2,173.0,5,7,0,0,6,0
1434,5901,199110,9.2,22.9,-3.6,13.6,6.3,994.3,1006.4,980.7,30,10,77,97.0,38.0,13.0,76.0,2,155.0,6,8,6,0,0,0
1435,5901,199111,5.0,13.6,-1.6,8.1,2.8,992.4,1005.7,974.2,75,14,84,96.0,39.0,12.2,80.0,4,54.0,1,17,2,0,0,0
1436,5901,199112,-0.1,12.3,-12.6,2.8,-2.4,1001.7,1017.2,972.7,85,14,79,95.0,44.0,13.7,88.0,10,74.0,3,14,15,7,0,0
1437,5901,199201,2.4,13.2,-8.9,4.9,0.4,1003.7,1014.1,987.5,29,10,74,98.0,22.0,15.8,101.0,13,69.0,2,16,15,2,0,0
1438,5901,199202,3.9,15.0,-3.4,7.7,1.1,998.2,1008.0,983.7,48,14,73,98.0,33.0,16.2,98.0,11,96.0,4,10,12,0,0,0
1439,5901,199203,6.1,16.7,-1.4,11.0,2.6,991.4,1012.3,963.9,98,18,69,97.0,21.0,13.3,85.0,14,138.0,7,11,5,0,0,0
1440,5901,199204,10.5,26.5,2.6,15.7,6.4,988.2,1001.3,966.9,33,10,61,96.0,18.0,13.3,76.0,7,180.0,2,9,0,0,1,0
1441,5901,199205,15.6,24.9,7.6,20.9,10.7,995.1,1005.5,983.1,19,8,61,92.0,29.0,11.5,70.0,1,273.0,8,4,0,0,0,0
1442,5901,199206,19.2,29.9,10.7,23.9,15.0,988.7,997.6,979.2,72,11,65,96.0,31.0,11.9,66.0,1,194.0,3,11,0,0,13,0
1443,5901,199207,21.5,33.6,12.4,27.2,16.3,992.3,1003.0,982.2,48,8,59,93.0,24.0,11.9,78.0,1,292.0,9,4,0,0,23,7
1444,5901,199208,24.3,36.4,12.9,31.5,18.7,990.9,1001.7,974.7,20,8,57,89.0,18.0,11.2,76.0,4,307.0,11,1,0,0,30,21
1445,5901,199209,15.9,26.1,7.8,21.9,11.7,994.9,1002.1,983.0,44,8,67,92.0,32.0,11.9,82.0,4,208.0,8,5,0,0,4,0
1446,5901,199210,8.8,22.5,-0.5,12.3,6.4,986.3,1002.9,971.3,70,15,76,98.0,36.0,11.5,80.0,2,90.0,1,14,1,0,0,0
1447,5901,199211,5.5,17.3,-1.7,8.7,3.2,993.1,1007.3,972.8,82,18,78,99.0,34.0,12.2,68.0,8,53.0,3,12,4,0,0,0
1448,5901,199212,0.4,11.5,-10.0,2.2,-0.9,997.6,1017.3,969.8,39,10,83,98.0,46.0,13.3,79.0,2,39.0,3,19,12,8,0,0
1449,5904,199301,2.0,16.7,-13.9,6.1,-1.3,1000.9,1015.8,976.9,44,12,70,96.0,38.0,13.3,100.0,8,120.0,7,3,16,8,0,0
1450,5904,199302,-1.2,7.7,-12.4,2.6,-3.8,1001.6,1016.5,970.1,59,10,76,98.0,31.0,13.0,86.0,7,114.0,8,5,23,6,0,0
1451,5904,199303,4.3,20.7,-6.6,8.7,1.2,995.5,1003.7,983.7,46,16,67,97.0,28.0,13.7,72.0,5,162.0,5,10,16,2,0,0
1452,5904,199304,10.8,24.6,0.0,15.7,6.7,988.8,996.7,979.6,20,8,62,94.0,27.0,11.9,63.0,3,194.0,6,9,0,0,0,0
1453,5904,199305,17.5,29.2,7.3,23.7,11.7,989.4,999.2,974.4,22,10,61,94.0,27.0,10.8,84.0,5,297.0,6,3,0,0,10,0
1454,5904,199306,18.8,30.4,9.6,24.0,13.9,990.5,998.6,981.9,61,14,63,93.0,28.0,12.6,74.0,4,241.0,4,6,0,0,13,2
1455,5904,199307,19.3,31.7,9.9,25.1,14.5,991.3,997.6,979.8,87,16,65,92.0,35.0,13.3,77.0,3,232.0,5,6,0,0,17,4
1456,5904,199308,19.7,33.1,10.0,25.8,14.8,993.1,1000.0,981.6,99,14,63,92.0,27.0,10.4,82.0,2,267.0,6,6,0,0,19,9
1457,5904,199309,14.8,27.3,4.5,19.8,11.4,989.1,1003.2,974.9,40,10,73,93.0,29.0,11.9,60.0,0,185.0,4,7,0,0,4,0
1458,5904,199310,10.3,24.2,-0.2,14.1,7.6,992.1,1011.1,974.1,65,12,81,93.0,46.0,9.7,76.0,3,85.0,3,12,1,0,0,0
1459,5904,199311,1.5,13.5,-7.9,3.5,0.0,997.6,1010.8,978.4,48,18,88,100.0,66.0,11.2,50.0,0,30.0,1,20,18,12,0,0
1460,5904,199312,2.9,15.4,-5.7,6.1,0.4,987.5,1003.6,967.2,53,22,83,100.0,45.0,11.9,84.0,9,48.0,0,15,13,3,0,0
1461,5904,199401,4.3,15.3,-5.0,7.6,1.8,989.8,1006.7,972.9,31,15,77,100.0,34.0,12.6,102.0,8,85.0,3,12,7,0,0,0
1462,5904,199402,1.0,12.6,-11.5,4.9,-1.8,992.9,1007.8,980.3,8,6,82,99.0,52.0,9.7,47.0,0,116.0,2,13,15,7,0,0
1463,5904,199403,8.5,22.7,-0.6,13.1,5.1,993.3,1007.1,978.2,48,23,75,99.0,42.0,13.7,100.0,11,142.0,2,14,2,0,0,0
1464,5904,199404,10.3,24.3,1.1,15.6,6.1,986.2,1005.7,971.7,103,12,72,100.0,41.0,12.6,71.0,7,196.0,4,7,0,0,0,0
1465,5904,199405,15.1,27.3,4.1,20.4,10.6,988.8,999.9,971.2,58,17,73,100.0,44.0,11.5,69.0,4,207.0,2,8,0,0,4,0
1466,5904,199406,19.2,33.1,9.2,24.4,14.4,992.6,999.3,979.7,44,9,67,99.0,39.0,13.0,108.0,4,243.0,5,7,0,0,15,4
1467,5904,199407,23.2,34.4,14.4,29.4,17.5,992.3,997.8,986.5,76,8,64,98.0,36.0,9.0,54.0,0,336.0,12,0,0,0,28,14
1468,5904,199408,21.3,34.1,11.0,27.3,16.7,989.9,999.7,978.2,76,13,70,99.0,41.0,11.9,73.0,5,274.0,7,3,0,0,20,10
1469,5904,199409,17.2,28.5,7.2,22.6,13.5,990.5,1001.9,976.2,22,11,77,98.0,44.0,10.4,74.0,2,187.0,0,5,0,0,8,0
1470,5904,199410,8.2,22.0,0.7,12.7,5.3,994.7,1008.4,978.6,42,10,81,99.0,39.0,10.8,72.0,5,132.0,2,11,0,0,0,0
1471,5904,199411,7.1,19.1,-0.2,9.9,4.8,996.4,1007.3,981.8,67,16,82,99.0,51.0,13.0,78.0,3,60.0,0,18,1,0,0,0
1472,5904,199412,2.4,13.7,-4.4,5.0,0.3,997.5,1011.6,975.1,41,16,84,99.0,54.0,12.6,82.0,8,75.0,3,16,18,3,0,0
1473,5904,199501,0.3,16.1,-7.0,3.0,-2.0,992.4,1010.3,970.5,30,18,78,99.0,47.0,15.1,113.0,7,76.0,1,12,24,10,0,0
1474,5904,199502,5.8,15.4,-2.8,10.0,2.6,990.6,1010.7,968.4,33,14,76,99.0,39.0,14.0,90.0,9,98.0,0,9,6,0,0,0
1475,5904,199503,4.7,19.1,-3.0,9.5,1.5,989.2,1009.2,966.2,65,17,75,100.0,36.0,14.8,89.0,8,144.0,2,10,10,0,0,0
1476,5904,199504,10.8,26.8,0.8,15.4,6.9,989.2,1000.7,971.0,82,20,70,99.0,35.0,15.8,76.0,6,174.0,1,11,0,0,2,0
1477,5904,199505,14.9,28.3,4.2,20.3,10.1,990.3,1006.6,962.5,58,9,66,98.0,37.0,13.0,74.0,2,262.0,2,9,0,0,8,0
1478,5904,199506,17.4,29.0,9.7,22.1,13.5,989.9,998.4,981.2,119,14,72,98.0,42.0,12.2,69.0,2,193.0,3,11,0,0,7,0
1479,5904,199507,22.9,33.4,14.6,28.8,17.4,991.1,998.8,976.8,24,7,61,96.0,32.0,10.4,77.0,1,326.0,10,3,0,0,28,13
1480,5904,199508,19.6,31.3,9.2,25.0,15.3,990.7,1000.2,979.9,74,14,62,89.0,26.0,10.8,57.0,0,235.0,3,8,0,0,19,2
1481,5904,199509,14.1,24.4,6.9,18.8,10.8,988.6,997.3,978.5,129,14,75,96.0,38.0,13.3,82.0,2,167.0,2,9,0,0,0,0
1482,5904,199510,11.3,21.7,1.2,15.4,8.5,999.6,1005.6,990.5,11,8,83,99.0,37.0,8.3,69.0,2,135.0,4,9,0,0,0,0
1483,5904,199511,2.5,12.4,-6.3,4.6,0.9,993.5,1008.3,974.4,73,20,87,100.0,47.0,14.8,96.0,8,38.0,1,25,13,3,0,0
1484,5904,199512,-0.2,12.6,-10.8,1.7,-1.7,993.8,1011.4,968.7,78,23,89,100.0,46.0,10.8,55.0,0,23.0,1,28,21,8,0,0
1485,5904,199601,-2.7,6.1,-12.2,-0.8,-4.1,994.7,1008.3,980.0,49,19,91,100.0,68.0,11.2,60.0,1,29.0,1,25,26,23,0,0
1486,5904,199602,-2.6,7.5,-14.4,0.8,-5.1,989.2,1004.5,972.8,40,16,80,100.0,46.0,12.6,87.0,2,111.0,4,11,25,12,0,0
1487,5904,199603,2.0,11.1,-6.1,5.5,-0.6,991.7,1005.1,983.0,31,15,80,100.0,27.0,12.2,74.0,1,102.0,2,14,18,2,0,0
1488,5904,199604,9.9,25.3,-2.7,15.2,5.5,990.3,997.5,976.3,111,15,73,100.0,29.0,10.8,64.0,1,202.0,7,11,2,0,1,0
1489,5904,199605,15.6,28.4,6.1,20.7,11.2,986.4,999.1,971.5,85,16,76,100.0,34.0,11.9,71.0,4,208.0,1,12,0,0,5,0
1490,5904,199606,19.1,31.2,9.1,24.8,13.9,993.3,1005.2,978.2,72,11,69,99.0,38.0,11.9,66.0,1,299.0,5,4,0,0,14,5
1491,5904,199607,18.6,29.7,9.6,24.1,13.7,992.1,1001.0,973.5,28,12,70,99.0,35.0,12.2,103.0,3,261.0,4,7,0,0,13,0
1492,5904,199608,18.8,31.0,11.2,24.4,14.7,991.4,997.3,984.8,66,13,77,100.0,37.0,10.4,53.0,0,214.0,4,6,0,0,12,1
1493,5904,199609,12.3,22.4,6.4,15.6,10.1,988.9,1002.1,974.7,137,23,84,99.0,45.0,13.7,70.0,2,84.0,0,16,0,0,0,0
1494,5904,199610,11.0,23.0,0.8,15.1,8.4,993.3,1003.8,979.0,51,10,81,99.0,47.0,11.9,79.0,4,137.0,2,9,0,0,0,0
1495,5904,199611,6.9,19.3,-2.4,10.6,4.4,987.7,1005.8,966.0,22,14,81,100.0,45.0,11.9,85.0,7,92.0,0,11,5,0,0,0
1496,5904,199612,-2.3,7.5,-18.1,-0.3,-3.9,991.8,1013.2,974.9,26,15,85,99.0,50.0,11.2,63.0,1,62.0,2,17,21,12,0,0
1497,5904,199701,-2.4,5.0,-10.2,-0.6,-4.0,999.6,1011.4,977.6,14,15,88,98.0,60.0,9.4,58.0,0,28.0,0,24,29,16,0,0
1498,5904,199702,3.8,16.7,-8.1,8.1,0.6,997.2,1012.0,975.3,23,12,72,98.0,34.0,13.0,103.0,9,131.0,5,8,12,1,0,0
1499,5904,199703,5.7,16.8,-2.0,10.5,2.3,997.6,1011.1,976.9,91,20,72,99.0,28.0,12.2,87.0,2,156.0,5,13,5,0,0,0
1500,5904,199704,7.8,20.9,-1.5,13.2,3.5,991.6,1008.6,978.2,64,18,62,99.0,29.0,15.1,92.0,9,206.0,3,11,4,0,0,0
1501,5904,199705,15.9,28.8,6.5,21.5,11.0,990.1,1004.1,966.1,71,12,63,98.0,32.0,13.0,73.0,5,256.0,1,8,0,0,11,0
1502,5904,199706,18.7,31.4,4.8,23.9,13.8,987.2,997.9,976.5,43,13,67,96.0,35.0,12.6,83.0,1,240.0,2,7,0,0,11,3
1503,5904,199707,19.2,29.4,11.8,24.0,15.2,989.9,997.5,979.0,244,21,74,96.0,36.0,13.7,78.0,6,199.0,1,13,0,0,12,0
1504,5904,199708,20.2,29.0,12.4,26.1,15.4,992.5,999.2,977.1,31,8,71,96.0,31.0,9.7,88.0,2,297.0,5,3,0,0,22,0
1505,5904,199709,15.4,28.8,4.3,21.6,11.0,996.5,1003.9,985.0,22,5,72,97.0,36.0,9.4,67.0,4,271.0,10,3,0,0,7,0
1506,5904,199710,8.1,21.8,-4.5,12.7,5.0,992.9,1013.3,969.2,28,16,76,98.0,39.0,11.2,74.0,4,157.0,4,6,6,0,0,0
1507,5904,199711,5.4,20.8,-3.7,8.5,3.0,988.1,1002.3,973.9,74,16,82,98.0,49.0,10.4,62.0,1,85.0,5,18,6,0,0,0
1508,5904,199712,2.6,12.3,-6.9,4.7,0.9,990.5,1008.7,973.8,53,19,82,98.0,57.0,13.0,73.0,1,23.0,0,22,8,3,0,0
1509,5904,199801,2.2,14.6,-8.4,5.1,-0.2,994.0,1005.8,974.2,29,13,77,97.0,32.0,12.6,98.0,5,74.0,3,15,17,3,0,0
1510,5904,199802,6.1,17.8,-13.7,10.9,2.5,999.6,1010.8,983.2,4,2,66,97.0,25.0,14.8,79.0,6,167.0,5,4,9,2,0,0
1511,5904,199803,5.3,19.5,-6.1,10.1,1.9,995.7,1006.2,978.7,65,17,64,99.0,33.0,14.4,95.0,9,167.0,3,6,11,0,0,0
1512,5904,199804,11.8,23.5,0.7,17.3,7.5,982.5,995.8,967.2,31,11,65,98.0,36.0,14.4,76.0,8,202.0,0,9,0,0,0,0
1513,5904,199805,15.7,27.9,7.0,21.2,11.0,990.3,1001.9,975.5,43,9,64,99.0,33.0,12.6,58.0,0,253.0,5,6,0,0,10,0
1514,5904,199806,19.8,34.6,7.6,25.4,14.5,991.1,999.9,978.3,62,17,67,99.0,29.0,12.6,82.0,6,246.0,2,6,0,0,18,3
1515,5904,199807,20.3,33.5,10.1,25.7,15.9,988.6,994.3,976.9,136,19,73,99.0,37.0,12.2,79.0,4,229.0,3,8,0,0,16,8
1516,5904,199808,20.5,35.2,10.4,26.4,15.7,991.9,1002.6,982.5,38,10,68,99.0,34.0,9.7,72.0,2,277.0,3,2,0,0,21,9
1517,5904,199809,14.5,24.3,7.7,18.8,11.5,988.6,1005.1,968.4,120,14,82,99.0,41.0,13.0,104.0,2,126.0,2,11,0,0,0,0
1518,5904,199810,10.7,20.1,3.6,14.5,8.1,990.0,1003.7,973.8,94,21,83,99.0,42.0,11.2,83.0,5,93.0,0,15,0,0,0,0
1519,5904,199811,2.7,15.8,-6.9,5.5,0.8,993.5,1011.2,967.1,35,16,82,99.0,39.0,10.8,95.0,3,96.0,0,15,14,3,0,0
1520,5904,199812,-0.7,9.5,-11.4,1.7,-2.7,997.7,1008.0,978.4,33,12,83,99.0,51.0,12.2,84.0,4,50.0,1,16,25,12,0,0
1521,5904,199901,0.7,11.1,-8.4,3.3,-1.2,993.0,1008.9,976.6,17,11,84,99.0,48.0,11.2,84.0,5,58.0,0,16,21,9,0,0
1522,5904,199902,1.0,14.8,-9.0,4.2,-1.4,987.2,1007.1,968.0,112,21,77,99.0,37.0,20.2,99.0,17,77.0,1,15,15,5,0,0
1523,5904,199903,7.1,21.4,-2.5,12.2,3.5,988.2,1005.2,966.9,31,13,74,99.0,31.0,12.2,77.0,5,175.0,2,8,6,0,0,0
1524,5904,199904,11.7,21.2,0.9,17.0,7.5,988.5,1002.1,973.3,48,11,70,99.0,33.0,11.2,75.0,3,198.0,0,6,0,0,0,0
1525,5904,199905,15.8,30.7,5.1,20.9,11.3,991.8,999.4,979.3,90,12,68,99.0,35.0,11.5,65.0,1,247.0,2,8,0,0,5,1
1526,5904,199906,18.1,29.0,8.9,23.2,13.7,992.2,1001.5,982.6,60,7,70,99.0,39.0,13.0,96.0,4,243.0,1,10,0,0,9,0
1527,5904,199907,21.1,35.3,12.8,26.4,16.6,990.8,996.8,980.0,79,8,69,99.0,33.0,13.7,88.0,3,261.0,6,8,0,0,24,5
1528,5904,199908,19.1,32.1,10.3,24.6,14.6,989.9,997.4,978.4,73,15,70,97.0,35.0,10.1,73.0,1,238.0,2,5,0,0,11,3
1529,5904,199909,17.5,26.7,10.6,22.8,13.8,989.9,1000.8,975.3,60,9,79,98.0,39.0,10.1,71.0,2,205.0,6,9,0,0,9,0
1530,5904,199910,10.7,22.2,-0.6,15.0,7.8,993.9,1004.1,976.4,16,9,78,98.0,38.0,15.1,81.0,6,136.0,1,7,2,0,0,0
1531,5904,199911,3.5,16.1,-6.0,5.8,1.9,996.3,1010.3,978.4,52,12,85,99.0,49.0,12.6,86.0,1,53.0,1,20,11,3,0,0
1532,5904,199912,1.6,11.9,-8.5,4.8,-0.7,988.9,1012.8,960.5,66,14,77,99.0,32.0,14.8,104.0,8,72.0,2,12,15,4,0,0
1533,5904,200001,-0.7,12.9,-9.8,1.9,-2.9,997.4,1013.2,977.3,44,13,78,99.0,40.0,15.8,112.0,10,66.0,1,14,26,12,0,0
1534,5904,200002,4.9,15.0,-3.8,9.2,1.9,995.7,1011.8,978.3,35,19,73,99.0,39.0,15.8,87.0,10,127.0,2,9,6,0,0,0
1535,5904,200003,6.4,18.3,-0.8,10.9,3.2,991.7,1007.1,978.6,80,19,72,99.0,35.0,16.2,111.0,13,113.0,2,13,3,0,0,0
1536,5904,200004,13.6,27.1,1.4,19.8,8.6,984.3,1001.2,968.7,11,4,63,97.0,30.0,14.8,87.0,8,278.0,3,4,0,0,4,0
1537,5904,200005,17.4,30.3,8.0,23.9,11.7,991.1,1000.3,981.5,50,10,61,98.0,28.0,13.0,74.0,3,305.0,5,5,0,0,14,1
1538,5904,200006,20.3,35.9,8.4,26.7,14.3,994.0,1005.2,987.2,22,8,57,98.0,27.0,13.3,67.0,3,322.0,6,3,0,0,16,10
1539,5904,200007,18.9,33.0,11.6,24.1,14.6,987.2,998.4,974.2,65,22,68,96.0,33.0,14.4,86.0,8,173.0,0,10,0,0,14,3
1540,5904,200008,21.5,37.0,10.3,27.8,16.4,992.6,998.9,982.9,54,8,64,96.0,25.0,10.1,88.0,1,297.0,6,3,0,0,21,12
1541,5904,200009,15.2,28.3,8.5,20.1,11.8,991.3,1001.7,982.3,46,12,72,97.0,35.0,13.7,71.0,4,176.0,2,8,0,0,4,0
1542,5904,200010,12.7,24.5,2.6,17.2,9.7,991.9,1006.8,971.9,54,13,78,97.0,37.0,13.7,66.0,5,139.0,3,11,0,0,0,0
1543,5904,200011,7.6,17.1,-0.5,11.4,5.1,986.9,1001.1,965.9,33,10,83,99.0,43.0,10.8,69.0,3,81.0,0,11,1,0,0,0
1544,5904,200012,2.5,15.6,-7.9,4.5,0.8,990.1,1004.1,966.2,42,17,87,100.0,48.0,11.9,72.0,3,39.0,2,18,9,5,0,0
1545,5904,200101,0.5,9.2,-7.9,2.7,-1.2,992.6,1010.0,976.0,19,12,87,99.0,46.0,12.6,58.0,0,68.0,2,21,21,6,0,0
1546,5904,200102,3.1,14.0,-7.1,7.2,0.2,992.3,1014.6,971.8,19,13,80,99.0,47.0,14.0,98.0,6,123.0,3,9,12,0,0,0
1547,5904,200103,7.1,20.0,-2.3,11.6,4.0,983.7,1001.3,965.8,49,19,80,100.0,45.0,14.8,84.0,4,108.0,0,16,5,0,0,0
1548,5904,200104,9.8,25.4,0.4,15.1,5.4,987.4,1002.3,974.0,32,16,75,99.0,38.0,13.7,89.0,6,187.0,1,12,0,0,1,0
1549,5904,200105,17.2,29.3,6.6,23.2,11.6,990.5,1000.1,979.0,30,10,65,97.0,31.0,12.6,74.0,5,305.0,4,4,0,0,12,0
1550,5904,200106,17.4,30.7,7.4,22.4,12.7,990.4,998.5,982.4,47,15,68,97.0,39.0,14.8,65.0,3,218.0,2,11,0,0,10,1
1551,5904,200107,20.9,35.4,11.7,26.7,16.1,989.7,998.9,979.3,80,14,69,98.0,36.0,14.0,96.0,5,230.0,3,11,0,0,19,8
1552,5904,200108,21.6,32.5,9.8,27.9,16.7,992.1,1000.4,985.2,43,8,70,98.0,40.0,12.6,76.0,3,293.0,6,3,0,0,23,12
1553,5904,200109,13.6,23.8,6.1,17.7,10.8,987.8,995.8,979.7,99,22,82,99.0,50.0,14.8,85.0,5,114.0,0,16,0,0,0,0
1554,5904,200110,13.1,25.7,2.7,17.3,10.4,995.2,1005.9,981.7,9,8,84,99.0,50.0,10.4,74.0,3,122.0,1,12,0,0,1,0
1555,5904,200111,4.2,17.7,-2.6,7.6,1.9,994.9,1011.6,968.8,55,12,78,99.0,50.0,15.1,85.0,5,83.0,2,13,6,0,0,0
1556,5904,200112,-1.6,9.5,-13.6,1.4,-3.9,996.6,1017.0,969.5,52,19,79,99.0,43.0,13.7,79.0,9,63.0,3,16,27,9,0,0
1557,5904,200201,1.4,18.7,-12.3,4.5,-1.1,1000.5,1013.3,982.0,13,10,77,99.0,24.0,13.3,103.0,8,77.0,4,16,18,10,0,0
1558,5904,200202,6.1,16.6,-3.8,10.0,3.2,990.8,1007.5,971.7,34,16,75,99.0,48.0,15.5,91.0,11,100.0,1,11,5,0,0,0
1559,5904,200203,7.2,18.9,0.1,12.5,3.3,992.3,1005.1,978.9,66,8,69,99.0,34.0,13.7,81.0,8,203.0,3,6,0,0,0,0
1560,5904,200204,10.2,21.8,-1.6,14.9,6.5,990.5,1006.7,973.8,57,12,69,99.0,41.0,13.3,64.0,3,177.0,3,14,2,0,0,0
1561,5904,200205,17.6,28.3,7.4,23.2,12.7,989.0,1001.6,977.8,47,6,68,98.0,39.0,13.7,81.0,5,258.0,1,8,0,0,6,0
1562,5904,200206,20.5,35.1,9.3,26.3,15.2,991.2,1000.5,972.0,71,11,66,96.0,41.0,12.6,65.0,5,283.0,2,7,0,0,18,10
1563,5904,200207,21.7,33.4,11.9,28.1,16.3,989.3,997.2,980.2,52,14,67,96.0,39.0,11.2,78.0,6,293.0,3,4,0,0,27,8
1564,5904,200208,20.4,29.5,14.6,25.7,16.4,988.7,996.6,972.1,207,15,76,96.0,45.0,11.9,80.0,3,226.0,2,10,0,0,21,0
1565,5904,200209,14.6,27.1,5.2,19.4,11.3,992.1,1004.7,980.5,41,13,75,96.0,40.0,11.5,63.0,1,204.0,5,9,0,0,5,0
1566,5904,200210,9.1,18.9,2.5,13.3,6.3,990.0,1001.7,975.8,92,19,82,97.0,41.0,11.5,84.0,6,99.0,0,14,0,0,0,0
1567,5904,200211,7.5,20.4,-1.2,10.4,5.2,986.7,1003.4,972.8,69,13,81,97.0,53.0,11.2,73.0,6,49.0,0,20,5,0,0,0
1568,5904,200212,-0.5,14.3,-8.9,1.7,-2.4,994.8,1007.2,974.0,64,18,84,96.0,53.0,12.2,89.0,1,30.0,1,21,24,14,0,0
1569,5904,200301,-0.4,12.3,-13.7,2.2,-2.8,990.9,1009.0,971.1,68,20,80,97.0,51.0,15.1,99.0,8,64.0,0,18,20,12,0,0
1570,5904,200302,-1.7,9.1,-9.5,2.1,-4.4,997.4,1011.1,967.2,1,2,74,95.0,35.0,11.2,62.0,2,134.0,7,7,28,6,0,0
1571,5904,200303,6.4,21.5,-4.6,11.9,2.7,998.0,1013.2,986.9,14,9,67,96.0,28.0,13.3,63.0,3,184.0,5,9,9,0,0,0
1572,5904,200304,10.1,27.9,-3.0,16.0,5.2,991.0,1002.7,977.3,28,10,63,96.0,31.0,14.0,87.0,5,225.0,3,7,6,0,2,0
1573,5904,200305,17.8,31.1,5.5,23.9,12.6,992.6,1002.3,984.0,111,16,67,94.0,37.0,13.7,72.0,4,285.0,5,4,0,0,16,1
1574,5904,200306,22.5,34.6,12.1,28.1,17.0,991.0,997.2,979.5,29,9,64,94.0,40.0,11.5,92.0,4,320.0,2,0,0,0,26,9
1575,5904,200307,21.7,35.5,12.0,27.5,16.7,990.7,997.5,974.6,36,15,65,94.0,36.0,13.3,78.0,6,256.0,4,5,0,0,21,10
1576,5904,200308,23.5,37.6,13.7,30.8,17.9,991.4,998.6,976.3,19,8,61,97.0,32.0,10.4,101.0,5,323.0,5,2,0,0,30,19
1577,5904,200309,15.8,30.5,6.0,22.2,11.2,995.4,1007.6,982.6,43,11,71,98.0,31.0,12.6,82.0,3,246.0,10,7,0,0,7,1
1578,5904,200310,7.9,23.6,-2.8,12.0,4.9,989.1,1006.0,970.0,36,13,80,98.0,49.0,14.8,93.0,9,125.0,4,8,5,0,0,0
1579,5904,200311,6.7,17.8,-1.0,9.6,4.6,994.7,1010.5,967.6,25,15,85,98.0,51.0,12.6,89.0,5,69.0,2,13,1,0,0,0
1580,5904,200312,1.1,10.2,-11.1,3.9,-1.0,994.8,1009.2,977.5,37,13,82,98.0,42.0,14.0,102.0,7,73.0,3,15,19,4,0,0
1581,5904,200401,-1.5,9.0,-12.3,1.5,-3.8,987.0,1003.9,967.7,72,23,80,97.0,44.0,13.7,96.0,7,94.0,2,11,26,13,0,0
1582,5904,200402,3.2,18.2,-5.5,6.4,0.9,993.0,1006.5,971.8,89,17,73,98.0,30.0,18.7,86.0,9,93.0,1,14,18,0,0,0
1583,5904,200403,4.5,22.1,-8.2,8.6,1.5,995.8,1008.5,976.3,90,12,76,98.0,37.0,16.2,80.0,9,147.0,2,14,11,0,0,0
1584,5904,200404,11.5,23.8,1.2,16.7,7.3,988.6,1000.4,971.9,26,10,70,97.0,39.0,13.3,58.0,0,190.0,1,8,0,0,0,0
1585,5904,200405,14.3,26.0,5.1,19.4,9.8,988.6,1000.1,966.1,54,12,70,98.0,40.0,13.0,77.0,4,225.0,1,7,0,0,1,0
1586,5904,200406,18.1,30.4,10.7,23.0,13.5,991.8,1002.1,979.5,122,18,71,98.0,39.0,12.2,75.0,3,221.0,2,11,0,0,8,1
1587,5904,200407,20.2,31.4,10.4,25.4,15.6,991.4,996.9,984.1,46,17,71,97.0,38.0,14.4,83.0,5,245.0,1,7,0,0,17,4
1588,5904,200408,20.7,32.4,11.4,26.8,15.8,989.2,998.8,981.5,26,12,71,97.0,37.0,12.2,105.0,4,282.0,1,5,0,0,24,4
1589,5904,200409,15.5,26.9,6.5,21.1,11.3,995.2,1006.1,974.5,40,12,73,97.0,35.0,12.2,74.0,3,218.0,2,6,0,0,4,0
1590,5904,200410,11.3,22.2,0.1,15.5,8.3,990.7,1004.7,976.1,38,15,84,97.0,47.0,10.4,75.0,1,111.0,0,13,0,0,0,0
1591,5904,200411,6.2,15.5,-4.1,9.1,3.9,993.6,1006.9,972.4,48,12,78,98.0,44.0,18.0,119.0,13,67.0,2,19,3,0,0,0
1592,5904,200412,1.4,11.4,-5.8,3.5,-0.3,995.6,1007.8,972.6,14,8,81,98.0,40.0,11.9,83.0,4,42.0,2,19,16,7,0,0
1593,5904,200501,1.8,12.8,-8.9,5.1,-0.6,994.9,1006.9,970.2,61,19,76,98.0,40.0,17.6,112.0,12,90.0,3,14,14,7,0,0
1594,5904,200502,-1.0,9.2,-10.6,1.8,-3.0,991.5,1011.4,968.9,75,16,77,97.0,40.0,14.8,76.0,7,92.0,6,15,22,7,0,0
1595,5904,200503,4.0,20.2,-10.5,9.0,0.0,991.5,1003.4,974.5,18,10,68,95.0,35.0,14.0,90.0,8,213.0,4,8,15,5,0,0
1596,5904,200504,11.3,22.0,-0.9,17.0,6.4,989.3,1005.3,971.0,29,11,62,96.0,28.0,12.2,72.0,3,216.0,5,9,2,0,0,0
1597,5904,200505,15.9,33.7,4.0,21.9,10.5,991.3,1002.7,981.3,47,12,63,98.0,30.0,13.7,80.0,8,287.0,2,9,0,0,10,3
1598,5904,200506,19.2,31.6,7.8,24.3,14.3,992.5,1002.5,982.5,45,10,63,96.0,31.0,13.0,65.0,2,259.0,1,6,0,0,18,1
1599,5904,200507,20.8,35.6,10.7,26.4,16.0,989.8,997.1,983.1,63,14,67,95.0,35.0,13.7,89.0,6,233.0,4,10,0,0,19,7
1600,5904,200508,18.7,30.2,10.9,23.8,14.6,990.8,1001.2,983.8,104,14,70,96.0,35.0,13.0,71.0,3,208.0,4,10,0,0,12,1
1601,5904,200509,16.5,28.7,7.2,21.6,12.9,993.9,1001.9,978.3,43,10,74,97.0,39.0,10.4,60.0,1,196.0,5,10,0,0,6,0
1602,5904,200510,10.7,21.2,-0.2,15.3,7.5,998.0,1005.0,986.8,3,5,77,97.0,39.0,10.4,64.0,1,180.0,5,6,1,0,0,0
1603,5904,200511,4.2,14.0,-5.3,6.7,2.4,993.7,1008.7,971.6,24,13,81,99.0,50.0,10.8,63.0,1,65.0,0,17,8,1,0,0
1604,5904,200512,0.5,7.2,-8.4,2.9,-1.3,991.3,1015.4,963.5,83,20,78,98.0,48.0,16.9,103.0,10,69.0,1,15,20,5,0,0
1605,5904,200601,-3.4,6.2,-16.1,-0.6,-5.6,1001.1,1017.4,978.6,47,9,79,97.0,45.0,11.5,86.0,1,109.0,8,11,26,15,0,0
1606,5904,200602,-0.6,10.6,-11.2,2.8,-2.9,989.7,1005.1,970.7,35,16,78,97.0,46.0,13.0,81.0,4,102.0,1,12,20,6,0,0
1607,5904,200603,3.5,21.9,-4.5,7.6,0.5,986.4,1001.6,970.1,77,17,74,97.0,28.0,15.1,72.0,4,145.0,2,14,18,0,0,0
1608,5904,200604,11.7,25.3,0.0,17.4,7.3,988.7,994.2,977.6,70,15,69,97.0,29.0,12.2,77.0,1,204.0,3,11,0,0,2,0
1609,5904,200605,14.9,25.0,4.4,20.2,10.3,991.7,1001.6,979.1,74,15,69,97.0,33.0,14.0,75.0,5,235.0,3,10,0,0,2,0
1610,5904,200606,19.4,31.4,7.5,24.3,14.7,994.2,1003.5,987.3,65,13,67,96.0,39.0,12.6,69.0,4,263.0,2,6,0,0,18,4
1611,5904,200607,23.9,34.9,14.3,29.8,18.3,994.1,1002.4,983.1,33,5,60,95.0,30.0,11.9,59.0,0,363.0,8,3,0,0,26,17
1612,5904,200608,17.7,31.0,10.5,22.5,14.2,986.3,997.2,978.9,207,20,75,95.0,43.0,15.1,68.0,5,205.0,0,8,0,0,7,1
1613,5904,200609,17.5,28.1,8.8,23.2,13.4,992.9,1003.9,986.3,17,5,74,96.0,45.0,13.0,65.0,1,269.0,11,6,0,0,5,0
1614,5904,200610,12.3,25.7,1.2,17.8,8.6,992.3,1004.4,973.8,15,7,78,97.0,44.0,11.5,96.0,3,212.0,7,6,0,0,1,0
1615,5904,200611,7.8,18.0,-0.8,10.6,5.7,993.8,1011.2,974.6,32,13,81,97.0,41.0,14.8,95.0,10,54.0,0,18,2,0,0,0
1616,5904,200612,3.5,15.2,-6.3,6.3,1.3,1001.5,1015.2,977.8,18,12,83,98.0,48.0,11.5,77.0,3,67.0,3,16,13,2,0,0
1617,5904,200701,6.0,18.6,-7.7,9.4,3.2,992.5,1007.2,965.9,54,19,73,98.0,43.0,17.6,122.0,19,80.0,1,13,8,2,0,0
1618,5904,200702,5.2,14.5,-0.9,9.0,2.5,988.2,1003.4,974.1,72,11,78,98.0,41.0,14.4,94.0,6,104.0,0,11,4,0,0,0
1619,5904,200703,7.7,18.4,1.0,12.9,4.0,990.9,1010.8,963.5,89,9,72,97.0,40.0,13.7,88.0,6,177.0,4,9,0,0,0,0
1620,5904,200704,13.2,25.3,1.1,19.6,7.4,995.0,1004.4,982.3,2,2,60,92.0,35.0,11.9,64.0,1,317.0,9,1,0,0,1,0
1621,5904,200705,16.8,30.7,2.7,22.4,11.7,986.8,994.6,969.2,87,12,67,97.0,36.0,14.0,89.0,9,268.0,4,8,0,0,14,1
1622,5904,200706,21.1,34.6,10.4,27.0,15.8,988.0,995.1,977.7,66,14,65,95.0,36.0,12.2,113.0,6,280.0,0,5,0,0,22,4
1623,5904,200707,22.1,36.8,11.3,28.4,16.3,988.7,995.9,978.3,56,14,63,95.0,31.0,15.1,94.0,10,313.0,7,5,0,0,25,11
1624,5904,200708,20.5,32.9,11.5,26.5,15.7,989.4,1001.2,980.8,58,17,66,96.0,37.0,12.6,66.0,2,265.0,2,8,0,0,21,6
1625,5904,200709,13.6,25.2,5.4,18.4,10.1,992.6,1003.1,979.2,196,14,77,95.0,44.0,13.7,72.0,4,177.0,4,13,0,0,1,0
1626,5904,200710,9.1,21.4,0.5,13.0,6.3,997.5,1003.5,989.6,69,14,80,97.0,47.0,11.5,64.0,1,125.0,5,17,0,0,0,0
1627,5904,200711,3.7,15.4,-2.8,6.5,1.8,992.0,1005.4,972.7,55,16,79,97.0,49.0,17.3,95.0,9,67.0,3,14,10,1,0,0
1628,5904,200712,0.8,12.1,-5.4,2.5,-0.7,999.1,1014.0,970.5,60,12,83,96.0,48.0,11.9,72.0,1,30.0,0,24,18,13,0,0
1629,5904,200801,3.3,13.0,-7.2,5.8,1.2,996.3,1012.4,979.3,40,16,79,97.0,40.0,15.5,105.0,7,62.0,0,17,12,3,0,0
1630,5904,200802,4.4,19.0,-9.0,8.9,1.2,1001.3,1019.1,982.5,9,8,72,98.0,32.0,13.3,88.0,8,143.0,3,4,13,0,0,0
1631,5904,200803,6.4,18.1,-1.4,11.0,3.0,982.1,1002.7,958.9,63,16,67,96.0,36.0,15.8,117.0,11,151.0,1,11,6,0,0,0
1632,5904,200804,11.0,24.0,1.1,16.8,6.2,985.3,1002.6,970.3,60,11,69,94.0,34.0,14.8,109.0,6,205.0,2,11,0,0,0,0
1633,5904,200805,16.2,29.4,7.8,21.5,11.1,990.6,999.8,978.7,56,9,64,93.0,37.0,11.9,70.0,1,294.0,3,8,0,0,6,0
1634,5904,200806,20.4,32.4,10.3,25.5,15.6,990.4,996.6,983.6,115,15,67,93.0,38.0,10.4,103.0,4,267.0,1,7,0,0,18,3
1635,5904,200807,20.5,31.4,12.7,25.7,16.0,990.0,999.2,981.9,96,13,66,93.0,38.0,14.0,90.0,4,251.0,3,7,0,0,19,2
1636,5904,200808,20.1,30.3,10.0,25.8,15.7,989.9,998.0,977.9,44,10,68,93.0,39.0,12.2,76.0,4,273.0,4,5,0,0,22,1
1637,5904,200809,14.5,30.7,4.6,19.4,11.2,992.6,1005.2,981.0,60,12,73,94.0,38.0,11.9,72.0,1,172.0,1,13,0,0,9,2
1638,5904,200810,10.6,20.0,0.5,15.2,7.4,993.6,1008.8,968.3,28,6,79,94.0,35.0,9.7,69.0,4,123.0,2,9,0,0,0,0
1639,5904,200811,7.2,19.1,-3.7,9.9,5.2,990.4,1003.7,968.2,58,11,78,94.0,47.0,15.1,115.0,5,61.0,1,16,6,0,0,0
1640,5904,200812,2.5,10.8,-6.9,4.5,0.9,994.2,1013.9,971.9,40,17,80,95.0,51.0,16.2,76.0,7,36.0,1,19,10,5,0,0
1641,5904,200901,-1.6,8.8,-10.9,0.8,-3.4,991.7,1011.9,959.3,35,8,81,95.0,40.0,11.9,82.0,2,76.0,2,19,25,14,0,0
1642,5904,200902,1.2,13.0,-6.1,3.4,-0.7,987.6,1003.4,964.5,72,18,77,94.0,45.0,17.6,77.0,7,36.0,0,25,16,4,0,0
1643,5904,200903,5.8,19.5,-2.0,9.4,3.1,987.7,1005.4,959.3,142,22,73,94.0,36.0,18.0,92.0,14,97.0,0,19,1,0,0,0
1644,5904,200904,14.3,25.2,5.2,21.1,8.7,989.8,997.8,981.0,4,2,62,92.0,29.0,12.2,67.0,3,310.0,9,4,0,0,1,0
1645,5904,200905,16.3,28.8,6.3,21.7,11.5,993.5,1000.4,984.8,83,16,67,96.0,41.0,13.7,73.0,4,251.0,3,5,0,0,11,0
1646,5904,200906,18.2,30.7,8.2,23.3,13.8,989.0,1000.8,973.6,141,13,70,95.0,29.0,13.3,71.0,4,192.0,2,12,0,0,11,1
1647,5904,200907,21.4,33.1,11.1,27.3,16.1,990.4,998.3,979.0,148,12,66,96.0,43.0,14.0,111.0,6,330.0,3,2,0,0,24,8
1648,5904,200908,21.1,33.5,10.2,26.7,16.6,992.8,1000.4,983.5,84,9,70,95.0,41.0,11.2,90.0,1,280.0,4,6,0,0,21,5
1649,5904,200909,17.2,27.9,9.5,22.5,13.5,994.8,1001.9,982.6,20,7,75,96.0,48.0,10.8,78.0,2,229.0,6,9,0,0,4,0
1650,5904,200910,9.9,27.1,-0.1,13.7,7.3,991.8,1004.9,978.1,41,20,79,98.0,46.0,12.6,82.0,6,105.0,1,15,1,0,2,0
1651,5904,200911,6.8,16.6,-0.3,10.1,4.3,988.2,1003.6,971.6,75,15,84,99.0,51.0,11.9,69.0,4,70.0,0,17,1,0,0,0
1652,5904,200912,1.4,14.2,-12.4,4.2,-0.8,984.8,1000.9,965.0,55,13,80,99.0,49.0,12.2,78.0,4,56.0,0,17,13,7,0,0
1653,5904,201001,-1.9,6.5,-11.7,0.2,-3.4,989.8,1009.6,962.8,62,17,81,97.0,57.0,13.3,76.0,4,46.0,1,21,28,12,0,0
1654,5904,201002,0.9,14.4,-6.4,3.9,-1.2,982.1,996.3,967.7,18,9,76,96.0,38.0,12.2,76.0,3,66.0,0,16,19,7,0,0
1655,5904,201003,6.0,22.8,-6.6,11.2,2.4,991.9,1003.3,973.6,17,10,67,96.0,34.0,14.8,86.0,8,173.0,2,11,8,0,0,0
1656,5904,201004,10.8,25.9,0.5,16.2,6.2,993.0,1003.0,984.7,90,12,67,97.0,37.0,12.6,75.0,5,221.0,4,9,0,0,1,0
1657,5904,201005,14.7,25.2,6.3,18.8,11.6,986.3,998.4,974.1,164,25,75,96.0,43.0,14.0,79.0,3,142.0,0,20,0,0,1,0
1658,5904,201006,19.2,32.2,10.5,23.7,15.0,988.4,997.4,980.2,118,12,67,94.0,43.0,14.0,126.0,1,246.0,3,14,0,0,14,3
1659,5904,201007,22.3,34.1,12.5,27.7,17.3,991.1,999.4,984.2,87,11,64,93.0,35.0,12.6,79.0,7,306.0,9,7,0,0,21,12
1660,5904,201008,19.5,29.7,9.5,24.7,15.3,989.5,1001.3,981.5,120,18,70,94.0,40.0,13.3,78.0,4,242.0,3,7,0,0,19,0
1661,5904,201009,14.2,24.5,6.2,18.6,11.3,991.1,999.7,975.5,64,14,72,94.0,43.0,14.0,90.0,3,164.0,2,12,0,0,0,0
1662,5904,201010,7.8,17.3,-1.4,11.8,5.1,992.4,1004.3,980.7,22,6,77,95.0,48.0,12.2,66.0,2,143.0,6,14,2,0,0,0
1663,5904,201011,7.5,19.8,-2.8,10.5,5.4,982.7,1000.0,956.7,35,12,78,97.0,49.0,12.6,86.0,11,73.0,0,16,3,0,0,0
1664,5904,201012,-2.2,9.1,-14.2,0.5,-4.3,986.7,1001.6,968.9,41,15,83,98.0,52.0,13.0,87.0,8,60.0,1,16,26,16,0,0
1665,5904,201101,1.1,13.6,-8.1,3.7,-0.7,994.9,1003.8,981.5,30,13,82,97.0,51.0,13.7,72.0,5,61.0,0,18,17,6,0,0
1666,5904,201102,0.7,17.7,-9.9,4.6,-2.1,994.9,1005.1,979.9,9,5,71,98.0,23.0,14.4,111.0,6,139.0,6,10,20,5,0,0
1667,5904,201103,6.4,20.5,-6.6,12.1,2.1,997.1,1011.5,975.9,37,7,67,97.0,23.0,12.6,85.0,3,200.0,8,10,10,0,0,0
1668,5904,201104,13.0,26.2,2.9,19.0,8.3,992.3,1001.9,982.6,43,10,67,97.0,37.0,14.0,84.0,8,246.0,8,9,0,0,2,0
1669,5904,201105,16.0,29.1,2.0,22.1,10.3,994.1,1003.6,977.6,55,9,64,96.0,35.0,13.0,80.0,5,327.0,8,5,0,0,12,0
1670,5904,201106,19.8,30.3,11.2,25.0,15.2,991.1,1000.6,979.0,112,16,69,100.0,34.0,14.8,87.0,8,274.0,2,5,0,0,17,1
1671,5904,201107,19.4,32.8,11.8,24.3,15.3,987.0,995.5,975.7,87,21,75,100.0,38.0,16.2,82.0,10,198.0,3,11,0,0,13,6
1672,5904,201108,21.1,35.7,9.1,27.1,16.0,990.7,998.6,982.2,31,9,72,100.0,29.0,10.4,81.0,2,284.0,6,5,0,0,21,7
1673,5904,201109,17.7,31.4,9.1,24.0,13.2,993.3,1005.3,979.0,22,7,76,100.0,38.0,11.2,84.0,4,248.0,5,6,0,0,10,4
1674,5904,201110,10.0,25.8,0.3,14.4,7.0,997.0,1008.9,984.6,73,11,83,100.0,39.0,13.0,64.0,1,148.0,5,12,0,0,2,0
1675,5904,201111,3.5,15.1,-2.9,6.0,1.6,1000.2,1011.6,986.1,0,0,90,100.0,52.0,10.4,60.0,0,72.0,2,18,16,1,0,0
1676,5904,201112,3.9,12.1,-3.8,6.8,1.5,991.0,1012.0,958.0,18,12,81,100.0,49.0,13.3,90.0,8,45.0,0,21,5,0,0,0
1677,5904,201201,2.6,10.7,-7.1,5.3,0.5,994.4,1005.9,965.3,91,18,76,100.0,41.0,18.4,81.0,13,93.0,0,10,10,2,0,0
1678,5904,201202,-2.2,13.5,-15.0,1.3,-4.9,998.9,1009.2,971.5,26,12,73,100.0,36.0,16.9,100.0,8,128.0,2,9,21,13,0,0
1679,5904,201203,8.5,21.6,-5.0,14.0,4.4,999.3,1011.5,978.0,27,6,68,100.0,29.0,13.0,73.0,5,223.0,10,9,5,0,0,0
1680,5904,201204,11.0,30.0,-0.6,17.1,5.6,982.2,996.4,969.0,27,10,67,100.0,28.0,13.3,66.0,3,227.0,2,8,2,0,4,1
1681,5904,201205,17.1,30.3,1.9,22.9,11.9,990.3,1003.4,978.6,38,13,63,100.0,31.0,14.4,74.0,4,280.0,2,6,0,0,11,1
1682,5904,201206,20.6,35.6,7.1,26.3,15.2,989.3,999.1,974.2,68,18,68,100.0,34.0,12.6,82.0,5,255.0,3,7,0,0,19,7
1683,5904,201207,21.6,34.9,12.8,27.1,17.3,990.7,1002.2,983.7,131,21,70,100.0,35.0,11.9,81.0,4,246.0,4,6,0,0,21,11
1684,5904,201208,21.7,36.3,10.5,28.3,16.1,992.4,999.5,983.2,40,9,66,100.0,33.0,10.1,83.0,4,298.0,5,2,0,0,25,10
1685,5904,201209,16.7,31.0,4.6,22.4,12.4,991.8,1000.3,977.9,45,9,73,99.0,35.0,11.9,69.0,2,202.0,2,6,0,0,8,1
1686,5904,201210,10.1,25.5,-1.9,14.5,6.9,989.5,999.3,964.4,44,12,82,100.0,38.0,11.5,63.0,1,128.0,2,11,2,0,1,0
1687,5904,201211,6.9,15.2,0.0,9.8,4.9,990.6,1007.9,965.3,20,10,86,100.0,54.0,11.5,92.0,6,63.0,2,15,0,0,0,0
1688,5904,201212,0.8,11.8,-6.5,3.2,-1.1,990.0,1005.9,974.3,52,17,85,100.0,52.0,12.6,62.0,3,62.0,0,16,19,4,0,0
1689,5904,201301,0.7,14.8,-9.7,3.0,-1.2,988.7,1007.1,970.9,103,20,85,100.0,41.0,14.0,92.0,7,25.0,0,22,24,9,0,0
1690,5904,201302,1.3,10.8,-5.3,3.5,-0.3,988.7,1001.8,964.5,55,17,81,100.0,34.0,13.7,88.0,3,43.0,0,20,16,2,0,0
1691,5904,201303,3.0,17.7,-6.5,7.0,0.4,984.5,999.4,968.5,39,15,73,100.0,35.0,14.4,75.0,6,138.0,2,18,15,3,0,0
1692,5904,201304,11.7,28.0,-0.7,16.9,7.2,990.4,1003.1,977.2,13,6,68,99.0,35.0,11.5,71.0,1,208.0,1,11,1,0,4,0
1693,5904,201305,15.0,25.9,7.2,19.7,11.2,986.0,997.6,973.8,136,19,73,99.0,36.0,14.8,73.0,6,214.0,1,9,0,0,2,0
1694,5904,201306,18.7,33.4,6.9,23.3,14.3,991.0,1000.1,980.7,144,12,70,98.0,33.0,14.8,74.0,6,250.0,4,9,0,0,13,5
1695,5904,201307,22.9,36.8,11.3,28.5,17.2,993.5,1002.2,984.1,11,1,59,98.0,30.0,11.5,69.0,2,385.0,8,0,0,0,28,9
1696,5904,201308,21.3,38.5,11.2,27.4,16.3,992.7,1001.3,986.4,58,11,65,97.0,25.0,10.8,74.0,4,282.0,10,11,0,0,17,12
1697,5904,201309,15.2,27.0,4.2,19.8,11.9,991.1,1002.7,975.0,90,14,74,98.0,38.0,13.7,66.0,3,156.0,2,12,0,0,4,0
1698,5904,201310,11.0,22.5,1.0,15.5,7.9,994.3,1004.5,982.5,27,12,82,99.0,36.0,10.8,61.0,1,150.0,2,8,0,0,0,0
1699,5904,201311,6.3,19.7,-1.7,9.1,4.1,990.6,1006.6,971.4,41,15,81,99.0,46.0,14.0,77.0,8,65.0,1,19,2,0,0,0
1700,5904,201312,3.2,13.3,-3.2,5.9,1.2,998.8,1012.6,972.1,18,8,83,100.0,41.0,14.0,87.0,6,77.0,2,16,9,3,0,0
1701,5904,201401,2.2,12.9,-9.8,4.9,0.3,988.2,999.3,975.1,8,10,86,100.0,42.0,11.9,70.0,2,62.0,1,20,13,4,0,0
1702,5904,201402,4.1,13.1,-3.4,7.7,1.4,988.5,999.5,975.1,21,9,81,100.0,36.0,13.3,73.0,1,87.0,2,14,10,2,0,0
1703,5904,201403,9.2,22.2,-0.1,15.2,4.8,991.5,1008.6,973.4,12,6,67,100.0,29.0,13.3,98.0,4,218.0,7,7,1,0,0,0
1704,5904,201404,12.6,24.7,2.9,18.2,8.3,988.6,1000.7,981.1,66,13,72,100.0,30.0,12.6,74.0,1,203.0,0,12,0,0,0,0
1705,5904,201405,14.9,28.6,4.7,19.8,10.7,989.5,996.7,982.3,189,18,70,99.0,32.0,16.2,68.0,7,231.0,0,10,0,0,6,0
1706,5904,201406,19.6,33.2,10.5,25.2,14.2,991.3,997.3,982.4,33,7,59,98.0,32.0,11.5,56.0,0,304.0,4,7,0,0,15,4
1707,5904,201407,21.9,33.0,12.5,27.2,17.1,988.3,1000.1,979.0,91,15,67,98.0,35.0,13.0,78.0,4,268.0,1,8,0,0,25,8
1708,5904,201408,19.0,31.2,10.0,23.9,15.2,989.7,995.4,981.2,110,15,74,98.0,38.0,11.2,85.0,2,216.0,3,11,0,0,10,1
1709,5904,201409,15.9,25.8,5.0,20.2,12.8,992.7,1004.5,985.2,109,13,83,98.0,49.0,12.2,62.0,2,154.0,0,12,0,0,4,0
1710,5904,201410,12.2,22.0,0.6,15.9,9.7,993.9,1005.8,982.0,37,7,85,100.0,49.0,10.8,101.0,1,95.0,0,14,0,0,0,0
1711,5904,201411,8.1,19.0,1.1,10.6,6.4,991.0,1003.0,977.6,34,11,88,100.0,44.0,13.0,63.0,2,55.0,0,20,0,0,0,0
1712,5904,201412,3.9,15.0,-8.3,6.1,2.1,994.2,1010.4,979.7,43,15,78,100.0,32.0,16.6,99.0,9,75.0,1,16,6,4,0,0
1713,5904,201501,3.0,17.7,-4.2,5.9,0.8,991.2,1008.7,952.1,71,19,81,100.0,40.0,15.5,96.0,12,57.0,0,20,11,2,0,0
1714,5904,201502,2.3,10.5,-3.5,5.8,0.0,991.9,1015.0,966.5,37,8,80,100.0,42.0,14.0,82.0,3,116.0,3,9,15,0,0,0
1715,5904,201503,6.6,16.7,-1.5,11.6,2.8,995.3,1009.7,972.2,40,12,69,99.0,33.0,13.0,99.0,5,151.0,4,12,6,0,0,0
1716,5904,201504,11.2,25.9,0.3,17.3,6.2,993.5,1007.0,975.6,22,10,55,95.0,19.0,14.8,81.0,8,255.0,0,7,0,0,2,0
1717,5904,201505,15.4,26.7,6.3,20.2,11.1,990.9,1004.6,981.8,48,17,68,97.0,29.0,13.3,65.0,1,178.0,0,15,0,0,3,0
1718,5904,201506,20.0,32.3,10.1,25.6,14.7,993.2,1000.6,983.0,24,11,59,96.0,30.0,12.2,60.0,0,288.0,5,9,0,0,19,5
1719,5904,201507,24.1,37.1,11.4,30.6,18.2,991.0,1001.9,982.2,34,13,55,95.0,21.0,10.8,85.0,6,310.0,4,3,0,0,27,19
1720,5904,201508,23.6,36.9,11.4,30.2,18.0,991.3,999.2,982.4,44,9,59,98.0,17.0,10.8,58.0,0,298.0,8,8,0,0,22,16
1721,5904,201509,16.1,33.5,7.4,21.1,12.6,992.9,1007.3,978.2,50,14,69,98.0,30.0,13.3,85.0,4,160.0,1,12,0,0,5,2
1722,5904,201510,9.9,20.7,0.1,13.3,7.5,994.6,1011.6,985.4,80,12,85,100.0,45.0,11.2,54.0,0,84.0,3,19,0,0,0,0
1723,5904,201511,8.5,20.7,-4.3,12.5,5.7,994.4,1012.9,971.5,37,12,74,100.0,36.0,15.5,104.0,7,135.0,3,8,3,0,0,0
1724,5904,201512,4.1,14.9,-4.8,7.2,1.9,1004.8,1012.9,990.8,25,6,87,100.0,51.0,10.1,102.0,3,83.0,0,19,6,0,0,0
1725,5904,201601,0.8,16.4,-9.6,4.2,-1.9,990.8,1008.8,967.4,43,13,80,100.0,44.0,13.3,92.0,7,81.0,1,17,18,8,0,0
1726,5904,201602,6.4,19.7,-1.1,9.9,3.8,987.4,1008.1,968.1,71,17,75,98.0,33.0,15.1,77.0,8,82.0,0,16,3,0,0,0
1727,5904,201603,6.6,22.9,-0.9,11.0,3.4,989.1,1005.6,972.1,21,14,72,97.0,36.0,12.6,75.0,4,129.0,2,17,2,0,0,0
1728,5904,201604,11.2,23.7,0.3,16.9,6.4,987.9,1002.4,978.3,44,11,65,98.0,26.0,11.9,66.0,3,201.0,3,8,0,0,0,0
1729,5904,201605,15.7,27.9,6.5,20.8,11.2,988.5,1000.5,968.9,132,14,67,98.0,29.0,15.1,74.0,6,235.0,0,10,0,0,6,0
1730,5904,201606,20.4,32.9,10.9,25.7,15.5,989.3,1000.6,975.9,79,16,65,96.0,28.0,12.2,84.0,4,276.0,4,9,0,0,15,6
1731,5904,201607,22.2,33.7,12.5,27.6,17.4,991.8,998.4,983.6,85,13,64,96.0,33.0,11.5,82.0,3,287.0,1,7,0,0,24,8
1732,5904,201608,20.3,31.5,10.3,26.2,15.5,994.8,1003.3,985.8,59,9,66,96.0,36.0,10.8,59.0,0,271.0,6,6,0,0,24,3
1733,5904,201609,18.4,30.5,6.7,25.1,13.8,993.8,1003.4,984.6,23,7,70,96.0,29.0,8.6,74.0,1,260.0,7,5,0,0,16,3
1734,5904,201610,9.8,23.8,2.7,13.2,7.5,995.7,1008.4,987.3,88,15,83,99.0,47.0,11.5,61.0,1,83.0,2,18,0,0,0,0
1735,5904,201611,4.9,17.7,-4.5,8.2,2.6,992.5,1008.9,974.4,58,17,82,99.0,41.0,10.8,72.0,2,86.0,1,11,8,0,0,0
1736,5904,201612,1.4,13.7,-6.1,4.3,-0.5,1004.5,1015.5,983.9,29,13,82,100.0,37.0,13.0,110.0,7,78.0,4,13,21,5,0,0
1737,5904,201701,-3.4,7.4,-12.6,-0.7,-5.5,998.6,1011.9,972.8,21,11,77,96.0,40.0,14.8,104.0,7,96.0,4,10,29,20,0,0
1738,5904,201702,3.1,18.8,-4.3,7.0,0.3,994.4,1010.6,973.8,29,10,78,100.0,29.0,11.5,85.0,6,97.0,3,14,14,1,0,0
1739,5904,201703,9.4,22.5,0.8,14.8,5.3,992.4,1003.5,975.6,40,10,62,93.0,23.0,13.7,96.0,6,175.0,3,9,0,0,0,0
1740,5904,201704,10.1,24.6,0.9,15.2,6.1,992.4,1005.2,979.9,73,17,66,98.0,23.0,14.8,69.0,6,180.0,3,15,0,0,0,0
1741,5904,201705,16.7,32.4,0.8,22.4,11.4,991.5,1004.8,977.7,44,12,64,100.0,32.0,13.3,90.0,2,264.0,3,7,0,0,9,1
1742,5904,201706,22.2,34.6,11.5,28.4,16.3,989.7,999.0,971.5,32,11,53,94.0,24.0,12.6,77.0,7,323.0,3,4,0,0,27,9
1743,5904,201707,22.2,34.6,11.9,28.3,16.8,990.0,999.4,980.4,66,16,58,96.0,24.0,13.0,81.0,5,284.0,0,3,0,0,22,13
1744,5904,201708,22.6,38.4,10.8,29.3,17.3,992.8,997.8,987.1,42,6,58,94.0,20.0,11.2,84.0,5,296.0,5,4,0,0,24,15
1745,5904,201709,14.9,27.3,7.2,19.9,11.5,991.2,1003.0,976.7,93,15,73,97.0,32.0,13.0,91.0,1,154.0,3,12,0,0,3,0
1746,5904,201710,12.1,23.2,4.8,16.8,8.9,994.5,1004.3,970.6,64,15,75,100.0,26.0,14.8,118.0,7,144.0,3,11,0,0,0,0
1747,5904,201711,6.2,16.6,-1.0,9.4,3.9,991.6,1002.6,973.0,41,14,78,100.0,41.0,13.7,85.0,7,73.0,1,22,2,0,0,0
1748,5904,201712,3.0,14.8,-4.8,6.1,0.7,991.6,1008.9,966.8,43,10,76,100.0,46.0,16.6,94.0,13,78.0,1,14,12,0,0,0
1749,5904,201801,4.2,14.4,-2.3,6.8,2.1,992.4,1009.5,972.2,46,19,82,100.0,48.0,14.4,85.0,8,51.0,0,20,4,0,0,0
1750,5904,201802,-0.7,6.2,-12.1,1.7,-2.2,992.9,1003.4,978.8,26,14,76,97.0,47.0,12.6,53.0,0,59.0,0,20,18,4,0,0
1751,5904,201803,3.5,15.9,-12.4,7.7,0.6,982.8,1000.8,968.7,50,17,72,97.0,24.0,13.0,61.0,1,106.0,1,18,15,5,0,0
1752,5904,201804,15.8,29.2,2.2,22.3,10.2,990.3,1007.7,974.8,8,5,59,94.0,23.0,14.0,68.0,2,285.0,4,8,0,0,10,0
1753,5904,201805,18.7,29.6,10.2,24.4,13.8,991.3,997.9,983.3,73,10,64,97.0,27.0,11.9,55.0,0,292.0,1,7,0,0,16,0
1754,5904,201806,21.3,33.5,11.6,26.7,16.9,990.9,999.5,981.6,47,11,60,95.0,29.0,13.7,61.0,1,223.0,1,13,0,0,19,6
1755,5904,201807,22.7,33.4,9.4,28.5,17.6,990.3,994.8,986.0,128,13,57,96.0,25.0,12.2,66.0,2,304.0,4,4,0,0,27,10
1756,5904,201808,23.4,35.2,10.4,30.3,18.0,992.6,999.1,984.1,48,8,58,93.0,24.0,10.4,72.0,2,307.0,4,2,0,0,27,20
1757,5904,201809,17.4,30.4,3.1,23.6,13.0,996.7,1014.5,984.1,99,8,69,97.0,27.0,10.4,89.0,2,240.0,6,7,0,0,14,1
1758,5904,201810,13.0,23.3,4.6,18.4,9.1,994.6,1004.2,977.3,29,9,72,97.0,30.0,13.0,102.0,5,198.0,7,8,0,0,0,0
1759,5904,201811,6.6,18.1,-5.2,9.2,4.6,996.3,1008.2,978.7,50,12,85,100.0,49.0,11.5,64.0,1,67.0,3,19,6,1,0,0
1760,5904,201812,3.0,12.6,-3.1,5.3,1.0,995.8,1006.5,977.1,112,21,80,100.0,53.0,15.5,90.0,9,53.0,1,21,11,3,0,0
1761,5904,201901,0.9,12.1,-8.2,3.3,-1.2,988.4,1006.4,971.3,72,17,76,96.0,46.0,17.6,92.0,18,60.0,1,20,19,3,0,0
1762,5904,201902,4.9,18.7,-4.8,9.9,1.2,999.1,1018.2,972.2,16,8,67,98.0,25.0,13.3,77.0,5,156.0,4,8,13,0,0,0
1763,5904,201903,8.8,21.2,-0.9,14.6,4.7,993.8,1011.5,974.5,54,13,64,98.0,30.0,14.0,91.0,14,178.0,3,10,1,0,0,0
1764,5904,201904,12.0,27.2,1.7,17.9,7.4,990.7,1006.5,977.5,27,9,59,94.0,19.0,15.1,88.0,6,241.0,7,10,0,0,2,0
1765,5904,201905,13.2,25.3,2.8,17.9,9.5,988.7,1005.9,977.8,146,19,71,96.0,30.0,15.8,74.0,4,155.0,0,18,0,0,2,0
1766,5904,201906,23.8,35.7,14.1,29.5,18.1,991.8,1000.3,984.1,48,5,58,94.0,24.0,12.2,82.0,3,356.0,5,3,0,0,27,12
1767,5904,201907,22.5,37.0,13.3,28.4,17.1,989.4,999.1,976.7,60,12,57,94.0,20.0,12.2,66.0,1,276.0,2,9,0,0,25,12
1768,5904,201908,22.6,34.4,12.5,28.6,17.7,992.4,1002.4,981.5,52,12,64,95.0,26.0,10.4,79.0,4,254.0,0,8,0,0,26,13
1769,5904,201909,16.7,31.7,5.5,22.4,12.6,994.0,1007.3,980.2,62,10,69,97.0,27.0,11.5,86.0,2,215.0,4,8,0,0,4,1
1770,5904,201910,12.0,25.3,-0.1,17.0,8.7,992.2,1002.6,979.1,26,12,79,100.0,38.0,10.4,81.0,3,135.0,2,9,1,0,1,0
1771,5904,201911,7.9,18.2,-1.4,10.8,5.6,984.0,999.3,966.7,48,14,83,100.0,46.0,13.7,84.0,2,48.0,1,19,1,0,0,0
1772,5904,201912,3.6,13.8,-4.0,6.8,1.2,991.0,1013.7,961.3,64,11,79,100.0,39.0,12.6,76.0,6,74.0,1,19,11,0,0,0
1773,5904,202001,1.4,15.8,-4.7,4.2,-0.9,1000.9,1021.0,978.5,19,8,84,100.0,50.0,10.8,88.0,4,69.0,0,17,22,2,0,0
1774,5904,202002,6.6,18.4,-2.3,11.3,3.2,991.6,1004.4,972.2,52,15,65,94.0,22.0,18.0,108.0,16,108.0,1,12,3,0,0,0
1775,5904,202003,7.3,21.5,-2.7,12.9,3.2,993.2,1007.9,971.0,21,12,58,97.0,25.0,14.4,77.0,5,202.0,4,8,7,0,0,0
1776,5904,202004,12.5,24.8,-2.4,19.5,6.0,993.0,1006.7,979.1,9,5,46,87.0,9.0,10.4,61.0,2,312.0,12,3,2,0,0,0
1777,5904,202005,14.5,27.0,4.1,20.0,9.7,993.2,1007.4,971.8,83,16,60,97.0,21.0,14.0,68.0,6,222.0,1,11,0,0,4,0
1778,5904,202006,19.0,31.6,10.5,24.1,14.5,987.3,997.7,970.2,94,17,69,99.0,33.0,14.8,81.0,6,193.0,0,7,0,0,12,2
1779,5904,202007,21.6,35.9,10.6,27.6,15.7,991.5,1000.4,985.2,77,12,60,95.0,25.0,10.4,76.0,2,286.0,4,6,0,0,24,9
1780,5904,202008,21.9,32.5,12.6,27.5,17.3,989.4,997.1,979.5,99,12,67,98.0,28.0,10.8,84.0,4,240.0,4,9,0,0,25,10
1781,5904,202009,16.9,28.7,6.0,22.8,12.7,992.4,1004.0,969.9,75,11,72,96.0,33.0,11.5,78.0,2,224.0,6,6,0,0,11,0
1782,5904,202010,11.2,24.4,4.3,15.2,8.6,989.4,1000.0,972.7,130,19,82,100.0,37.0,13.0,67.0,4,88.0,0,16,0,0,0,0
1783,5904,202011,6.1,19.7,-2.8,9.0,4.2,1001.3,1011.6,991.6,17,8,84,100.0,50.0,9.7,75.0,1,58.0,3,19,2,0,0,0
1784,5904,202012,3.3,12.9,-4.1,5.3,1.8,987.9,1003.8,962.1,23,17,86,100.0,49.0,12.6,66.0,2,29.0,0,24,6,1,0,0
1785,5904,202101,1.6,11.7,-6.4,4.4,-0.5,986.3,998.2,969.5,44,20,79,100.0,41.0,11.5,93.0,6,55.0,1,19,17,2,0,0
1786,5904,202102,2.5,20.1,-8.4,6.6,-0.4,995.6,1013.6,971.0,22,12,79,100.0,26.0,10.8,86.0,3,108.0,4,13,13,3,0,0
1787,5904,202103,5.7,23.8,-4.7,11.0,1.8,995.9,1009.9,979.5,19,11,63,98.0,20.0,12.6,70.0,3,158.0,6,9,12,0,0,0
1788,5904,202104,9.0,25.3,-1.3,14.6,4.6,991.7,1000.5,975.8,35,14,59,90.0,21.0,15.5,73.0,4,186.0,0,9,2,0,1,0
1789,5904,202105,13.8,29.0,3.3,19.0,9.2,988.6,998.3,977.6,71,20,64,97.0,25.0,17.3,112.0,6,182.0,0,12,0,0,2,0
1790,5904,202106,22.3,33.1,9.0,28.2,16.3,991.9,999.6,981.7,9,6,54,90.0,27.0,11.9,81.0,2,345.0,5,1,0,0,25,10
1791,5904,202107,22.8,36.7,13.9,28.7,17.2,989.6,997.8,981.2,154,13,59,96.0,26.0,13.0,82.0,6,309.0,3,2,0,0,27,10
1792,5904,202108,19.5,32.7,11.6,24.7,15.4,990.7,997.6,980.1,93,15,69,97.0,39.0,11.9,78.0,5,212.0,1,11,0,0,16,4
1793,5904,202109,16.9,27.2,9.9,22.8,12.5,994.7,1003.0,987.7,20,5,70,96.0,26.0,10.1,61.0,1,218.0,8,9,0,0,11,0
1794,5904,202110,10.4,25.1,0.7,15.8,6.9,996.4,1007.4,979.4,19,6,75,97.0,38.0,12.2,80.0,2,200.0,4,2,0,0,1,0
1795,5904,202111,5.8,15.0,-1.6,8.5,3.9,991.7,1005.8,970.3,46,14,80,100.0,42.0,14.0,98.0,3,82.0,2,13,1,0,0,0
1796,5904,202112,3.1,16.3,-4.7,5.5,0.9,990.8,1010.7,974.5,51,19,80,99.0,45.0,13.3,81.0,7,54.0,0,20,12,2,0,0
1797,5904,202201,3.2,15.7,-5.3,6.3,0.8,997.2,1012.8,973.8,34,12,72,100.0,35.0,18.0,96.0,16,93.0,3,10,14,1,0,0
1798,5904,202202,6.1,18.3,-1.3,10.7,2.9,993.5,1008.5,973.0,22,16,61,94.0,27.0,18.0,102.0,13,126.0,3,8,5,0,0,0
1799,5904,202203,6.0,22.2,-3.8,12.3,1.2,999.9,1014.5,970.1,15,2,50,94.0,15.0,11.5,61.0,1,229.0,14,8,14,0,0,0
1800,5904,202204,9.8,23.2,-0.4,14.8,5.6,988.7,1003.3,970.5,36,12,61,96.0,29.0,13.7,75.0,5,176.0,1,13,1,0,0,0
1801,5904,202205,17.6,31.4,7.1,23.5,12.1,993.0,1002.6,982.7,52,16,60,96.0,18.0,11.2,62.0,2,263.0,2,10,0,0,10,1
1802,5904,202206,21.9,33.9,12.0,27.8,16.0,991.3,999.1,983.5,82,14,61,98.0,27.0,13.0,66.0,5,308.0,4,6,0,0,25,7
1803,5904,202207,22.7,35.5,13.0,28.9,17.0,993.8,1001.5,984.8,26,11,54,96.0,18.0,13.7,103.0,2,287.0,6,2,0,0,26,13
1804,5904,202208,22.6,36.3,14.5,28.5,17.9,991.1,1000.2,981.5,42,11,60,96.0,23.0,12.2,59.0,0,237.0,4,10,0,0,26,10
1805,5904,202209,15.3,27.9,4.2,20.3,11.7,988.9,1000.0,974.1,72,20,74,97.0,33.0,11.9,66.0,2,170.0,0,13,0,0,6,0
1806,5904,202210,12.7,23.9,4.3,17.2,9.7,997.4,1005.0,987.2,16,11,83,100.0,48.0,9.7,72.0,2,136.0,1,13,0,0,0,0
1807,5904,202211,6.6,19.1,-1.1,10.0,4.3,992.4,1008.9,975.5,32,14,86,100.0,42.0,10.8,68.0,1,69.0,1,16,1,0,0,0
1808,5904,202212,2.2,13.3,-7.1,4.3,0.5,992.1,1011.1,975.4,32,18,85,100.0,51.0,11.9,71.0,2,41.0,1,19,14,5,0,0
1809,5904,202301,4.1,13.3,-3.3,6.5,2.2,992.4,1009.7,965.0,43,19,79,100.0,46.0,13.7,100.0,5,44.0,0,24,8,0,0,0
1810,5904,202302,4.3,17.0,-7.1,8.3,1.5,1000.2,1016.6,974.6,45,11,70,98.0,38.0,16.6,112.0,9,106.0,3,12,10,1,0,0
1811,5904,202303,7.9,21.7,-1.8,13.5,3.8,987.3,1001.7,969.7,10,11,60,95.0,24.0,13.7,97.0,11,151.0,2,12,6,0,0,0
1812,5904,202304,9.1,22.6,-1.6,13.8,5.5,990.2,1000.7,975.2,101,16,69,97.0,30.0,13.3,68.0,2,141.0,2,16,2,0,0,0
1813,5904,202305,15.3,27.2,5.9,20.3,10.7,993.7,999.9,984.0,77,10,65,99.0,31.0,12.6,56.0,0,240.0,3,10,0,0,4,0
1814,5904,202306,20.0,33.0,9.9,25.4,14.7,991.3,998.2,984.5,137,10,62,98.0,29.0,11.2,78.0,1,252.0,4,11,0,0,13,3
1815,5904,202307,23.5,35.3,13.3,29.4,18.3,989.4,997.4,979.1,26,10,55,92.0,22.0,13.3,60.0,1,281.0,3,6,0,0,29,13
1816,5904,202308,21.5,36.2,10.8,27.0,17.1,989.7,999.1,977.9,68,13,67,96.0,26.0,11.2,85.0,7,227.0,4,9,0,0,19,12
1817,5904,202309,19.4,30.8,11.4,26.4,14.2,994.2,1003.2,979.7,42,5,68,96.0,33.0,10.1,54.0,0,257.0,14,7,0,0,21,4
1818,5904,202310,14.2,27.3,2.1,19.9,10.3,988.7,1003.3,963.4,60,11,74,100.0,25.0,11.9,84.0,7,151.0,0,12,0,0,5,0
1819,5904,202311,6.8,17.6,-2.6,10.5,4.0,983.8,1002.5,961.4,91,20,77,99.0,42.0,15.1,79.0,10,94.0,2,15,2,0,0,0
1820,5904,202312,4.3,15.4,-9.0,7.5,1.6,990.4,1014.1,968.5,114,18,78,100.0,32.0,14.4,98.0,7,60.0,1,17,9,1,0,0
1821,5904,202401,2.1,15.2,-10.1,5.8,-0.6,994.0,1012.5,967.7,49,12,73,96.0,40.0,14.8,103.0,11,130.0,4,8,18,2,0,0
1822,5904,202402,8.8,15.7,0.2,12.9,5.7,989.0,1008.8,965.0,20,14,72,96.0,35.0,15.5,83.0,10,98.0,1,11,0,0,0,0
1823,5904,202403,9.8,23.6,-1.4,15.2,6.1,986.2,999.0,967.3,50,8,67,99.0,23.0,14.4,72.0,9,157.0,2,12,2,0,0,0
1824,5904,202404,13.0,28.5,1.5,19.2,8.1,990.3,1007.9,971.9,49,12,63,96.0,26.0,14.0,82.0,7,222.0,2,13,0,0,8,0
1825,5904,202405,17.0,25.8,8.4,22.2,12.4,989.3,998.8,980.4,109,17,67,98.0,32.0,12.2,73.0,4,231.0,1,12,0,0,5,0
1826,5904,202406,21.1,35.0,10.3,26.5,16.2,989.1,997.6,980.4,80,11,65,96.0,38.0,11.9,70.0,3,250.0,2,9,0,0,20,5
1827,5904,202407,24.0,35.0,14.2,29.6,18.9,990.0,999.9,980.8,19,7,57,97.0,22.0,12.2,78.0,3,271.0,2,5,0,0,29,14
1828,5904,202408,24.1,35.0,12.7,30.6,18.8,990.2,997.4,981.4,134,9,62,97.0,30.0,10.4,70.0,4,272.0,2,5,0,0,30,19
1829,5904,202409,17.0,33.2,4.6,22.6,13.0,989.8,1002.3,976.0,242,13,72,98.0,27.0,14.4,89.0,6,192.0,3,9,0,0,10,7
1830,5904,202410,11.9,23.2,5.6,16.1,9.2,994.5,1008.7,970.0,44,15,81,99.0,49.0,11.5,77.0,3,127.0,0,11,0,0,0,0
1831,5904,202411,4.8,16.5,-1.4,8.6,2.2,997.5,1008.4,967.6,11,9,80,100.0,41.0,11.9,73.0,6,93.0,2,13,3,0,0,0
1832,5904,202412,3.0,11.4,-3.9,5.9,1.1,997.6,1012.5,977.4,22,13,79,99.0,51.0,11.9,93.0,6,83.0,8,16,11,0,0,0
1833,5904,202501,1.8,16.2,-4.0,4.7,-0.3,994.1,1015.5,971.9,10,11,82,99.0,41.0,11.9,108.0,7,57.0,1,21,19,7,0,0
1834,5904,202502,1.7,13.8,-8.3,5.5,-1.0,1001.1,1012.9,989.9,3,5,68,98.0,33.0,11.9,57.0,0,110.0,6,10,17,0,0,0
1835,5904,202503,7.9,21.6,-2.9,14.1,3.4,990.9,1006.8,965.1,70,12,67,98.0,13.0,11.2,62.0,2,182.0,7,10,6,0,0,0
1836,5904,202504,12.9,26.1,0.0,18.6,8.0,991.5,1001.5,980.6,28,8,61,98.0,29.0,14.4,69.0,7,214.0,5,11,0,0,1,0
1837,5904,202505,14.4,29.9,3.3,19.9,9.6,990.4,997.8,982.4,46,16,61,97.0,23.0,11.9,69.0,2,199.0,2,11,0,0,4,0
1838,5904,202506,22.0,34.7,11.1,28.1,16.1,993.8,1000.6,984.8,48,10,56,96.0,25.0,12.2,80.0,5,319.0,7,5,0,0,26,9
1839,5904,202507,21.2,36.8,12.6,26.8,16.5,988.8,998.9,978.8,90,17,65,95.0,21.0,13.7,81.0,2,228.0,3,7,0,0,19,9
1840,5904,202508,21.2,35.2,10.1,27.9,15.5,991.2,1001.5,979.9,26,8,57,93.0,20.0,10.8,59.0,0,299.0,7,5,0,0,22,9
1841,5904,202509,17.2,29.6,5.3,22.8,13.3,993.6,1001.9,982.1,83,11,72,96.0,33.0,10.8,71.0,2,191.0,5,9,0,0,12,0
1842,5904,202510,10.6,20.2,0.2,15.0,7.8,992.0,1005.0,967.4,32,14,72,95.0,36.0,14.0,89.0,6,116.0,1,14,0,0,0,0
1843,5904,202511,5.1,18.6,-5.1,8.6,2.8,991.0,1001.4,974.9,46,12,82,100.0,55.0,11.9,74.0,5,80.0,3,15,7,0,0,0
1844,5904,202512,2.6,12.7,-3.8,4.9,1.0,996.4,1006.2,982.8,22,15,89,100.0,40.0,11.5,94.0,4,38.0,2,25,8,0,0,0
1845,5904,202601,-1.2,7.8,-8.7,0.9,-2.9,986.6,1007.8,968.9,25,13,81,100.0,32.0,11.9,73.0,5,55.0,1,20,28,12,0,0
1846,5904,202602,4.0,14.9,-5.1,7.4,1.5,984.3,1003.0,959.2,47,13,82,100.0,42.0,13.0,80.0,4,65.0,1,20,9,1,0,0
1847,5904,202603,8.3,19.7,1.9,14.2,4.2,994.0,1002.1,973.9,32,9,65,95.0,22.0,13.0,75.0,6,183.0,6,9,0,0,0,0
